total_people,median_income,SA2_CODE21,SA2_NAME21,polls_per_sqkm,z_polls_per_sqkm,stops_per_sqkm,z_stops_per_sqkm,businesses_per_1000_people_per_sqkm,z_businesses_per_1000_per_sqkm,number_of_schools_per_1000_young_people_per_sqkm,z_number_of_schools_per_1000_young_people_per_sqkm,traffic_lights_per_sqkm,z_lights_per_sqkm,public_amenities_per_sqkm,z_public_amenities_per_sqkm,crossings_per_sqkm,z_crossings_per_sqkm,bustling_score
7530,55065,102011028,Avoca Beach - Copacabana,0.31067478563439793,-0.3572501173528011,19.72784888778427,-0.4537985785896919,0.6848873096322716,-0.2655768402048286,0.43942685379688534,-0.2803524369536207,0,-0.6255255994321671,1.2426991425375917,-0.2529147718182984,0,-0.5491738255785469,0.39558908317688035
11052,51927,102011029,Box Head - MacMasters Beach,0.062343750974121113,-0.4874817624665636,6.701953229718019,-1.350909164517245,0.1021011484465791,-0.44097708655028234,0.0756905110976784,-0.43710722206871805,0.062343750974121113,-0.6107057533262151,0.4364062568188478,-0.39778981518565204,0,-0.5491738255785469,0.3502212149945833
4748,49168,102011030,Calga - Kulnura,0.00911516252595217,-0.5153963026293414,0.22397256492339618,-1.7970562228366114,0.0092698427421225,-0.4689163805376419,0.03387528811488096,-0.45512779225581307,0.007812996450816146,-0.6236683578767864,0.014323826826496267,-0.473629762967444,0,-0.5491738255785469,0.3710277225348954
14803,51905,102011031,Erina - Green Point,0.17754946232104496,-0.42706470933530183,8.433599460249635,-1.231648408460945,0.19130675701011055,-0.4141290130037074,0.1569600030919274,-0.40208355173807286,0.5030568099096273,-0.5059430528429106,0.05918315410701498,-0.4655694202553759,0.14795788526753745,-0.4676914071094224,0.39253416825597603
21346,54372,102011032,Gosford - Springfield,0.41389994264529373,-0.3031159974146869,20.990639948439895,-0.36682849545169877,0.32298278240447353,-0.3744986840251124,0.1896883330180081,-0.3879790432727713,1.537342644111091,-0.26008109149261355,0.7095427588205034,-0.3487125341211873,1.182571264700839,0.10208424347049078,0.4656571582891818
6518,58241,102011033,Kariong,0.24078109386850943,-0.393904297424165,7.825385550726557,-1.2735369012805273,0.2548925357000177,-0.39499169988771604,0.24321322612980753,-0.36491210677754443,0.36117164080276415,-0.5396708337034739,0.12039054693425472,-0.45457165027958796,0.24078109386850943,-0.4165724044743484,0.36143259972968117
7628,51130,102011034,Kincumber - Picketts Valley,0.3413872269969019,-0.341143665859251,11.948552944891565,-0.9895689336293972,0.3188757200252918,-0.3757347802144917,0.28800947159468665,-0.345606843575904,0.2560404202476764,-0.5646617667996241,0,-0.4762034741701979,0,-0.5491738255785469,0.3823980883641635
7191,55382,102011035,Narara,0.1298347204009296,-0.45208763627206633,13.50281092169668,-0.882525140184701,0.15166341974242928,-0.42606040668773076,0.462280286269841,-0.27050358635525473,0.1298347204009296,-0.5946623525872701,0.2596694408018592,-0.4295459603018832,0.1298347204009296,-0.4776720803325878,0.365423157017303
8237,54614,102011036,Niagara Park - Lisarow,0.05976714719453011,-0.4888330045675822,6.156016161036601,-1.3885085693045138,0.12335091687592714,-0.4345815767294788,0.3120999853500267,-0.3352248639282078,0.11953429438906021,-0.5971108855346222,0.05976714719453011,-0.465464488132845,0.23906858877812043,-0.4175155043040957,0.34716230497575595
6575,54865,102011037,Point Clare - Koolewong,0.2950113579372806,-0.3654644509334051,20.945806413546922,-0.3699162400347081,0.2759421827093955,-0.38865642030005726,0.39048492116119204,-0.30144431376882797,0.2950113579372806,-0.5553979145266943,0.44251703690592087,-0.3966918276605185,0,-0.5491738255785469,0.39102341904032023
7179,53776,102011038,Saratoga - Davistown,0.4194366965165782,-0.30021237094595415,20.97183482582891,-0.36812362900771906,0.5784124941515704,-0.2976224001524182,0.4785358773720231,-0.2634981228064868,0,-0.6255255994321671,1.2583100895497348,-0.250109790321564,0,-0.5491738255785469,0.3980951147121908
14890,57389,102011039,Terrigal - North Avoca,0.572568254907387,-0.2199059573905515,20.80331326163506,-0.3797299310359218,0.46336114651672355,-0.3322492256701549,0.2062751526280778,-0.3808308344234029,0.2862841274536935,-0.5574724803119904,0.47714021242282256,-0.39047072098405916,0.2862841274536935,-0.3915132653990749,0.42898663326050895
24853,49626,102011040,Umina - Booker Bay - Patonga,0.2774639792298393,-0.3746667803950874,15.339794280278257,-0.75600967741606,0.11834056974354389,-0.43608953312897236,0.030028569180718535,-0.45678556336399584,0,-0.6255255994321671,0.3171016905483877,-0.4192265096158016,0,-0.5491738255785469,0.40923465652238666
10691,56183,102011041,Wamberal - Forresters Beach,0.2915005720698727,-0.36730560389191536,14.939404318580976,-0.7835850612949664,0.2774313273604858,-0.388208234745833,0.29969215771405694,-0.340572106220216,0.2915005720698727,-0.5562324698021306,0.14575028603493634,-0.4500150017377607,0,-0.5491738255785469,0.3902948685390917
14402,50544,102011042,Woy Woy - Blackwall,0.22993395147243953,-0.3995928381293408,17.532463799773517,-0.6049976403925806,0.18679539176694504,-0.4154867915985107,0.17784509825128533,-0.39308297021927524,0.45986790294487906,-0.5162095662416237,0.34490092720865934,-0.41423153113084815,0,-0.5491738255785469,0.39624651653369763
11457,52860,102011043,Wyoming,0.5965875193890944,-0.20730959249337064,18.9714831165732,-0.5058904852039232,0.29264396080707955,-0.3836297120700939,0.4619825915719844,-0.27063188001996286,0.23863500775563776,-0.5687992389682412,0,-0.4762034741701979,0,-0.5491738255785469,0.4093520847453377
22986,51828,102021044,Bateau Bay - Killarney Vale,0.5525116257654588,-0.2304242070010492,27.99392237211658,0.11549678669733852,0.19389746430470872,-0.41334929185048547,0.14140376021978981,-0.4087876261523161,0.9208527096090979,-0.4066280318424243,0.2762558128827294,-0.42656571402030885,0.2762558128827294,-0.3970359945387471,0.4464027371606681
11389,50990,102021045,Blue Haven - San Remo,0.09533115660525751,-0.4701822569526639,6.005862866131223,-1.3988498244402479,0.062359918931352044,-0.4529379427121036,0.1413989270324199,-0.40878970904907036,0.23832789151314376,-0.5688722441272072,0.047665578302628756,-0.4676389030992681,0,-0.5491738255785469,0.3482861433517452
9788,50321,102021046,Budgewoi - Buff Point - Halekulani,0.3215537477089295,-0.35154488953045226,17.47108695885184,-0.6092247442453228,0.21791716317285442,-0.4061201203649361,0.2911306000080847,-0.34426177090560606,0,-0.6255255994321671,0.21436916513928636,-0.4376855328039003,0,-0.5491738255785469,0.38531787134312323
16072,53569,102021047,Chittaway Bay - Tumbi Umbi,0.20409329512706847,-0.413144391165315,12.653784297878246,-0.9409987217299504,0.10108154736258493,-0.4412839543059318,0.13870418115431837,-0.40995102910833897,0.12245597707624109,-0.5964163670445105,0.0408186590254137,-0.46886916042236854,0,-0.5491738255785469,0.3870239263031983
22585,48629,102021048,Gorokan - Kanwal - Charmhaven,0.5333807449551071,-0.24045696864848393,29.51373455418259,0.22016825290156586,0.19837937824321003,-0.41200037716913335,0.18534205820401117,-0.389852101569513,0.7111743266068095,-0.4564710605226952,0.26669037247755356,-0.42828443635815056,0,-0.5491738255785469,0.443624482265594
3428,54519,102021049,Jilliby - Yarramalong,0.008651362214656445,-0.515639532307126,0.6690386779334317,-1.7664039335891013,0.00942194251304475,-0.46887060330567304,0.051438794290042035,-0.44755867332773336,0.005767574809770963,-0.6241545787645006,0.005767574809770963,-0.4751671539130185,0,-0.5491738255785469,0.34046388830969826
11007,49683,102021050,Lake Munmorah - Mannering Park,0.08451989880150784,-0.47585197878770336,5.691006519301528,-1.4205343956361245,0.051191604616158105,-0.45629925293635976,0.07725767714945872,-0.4364318406210918,0.11269319840201045,-0.598737094868196,0.11269319840201045,-0.45595471308737706,0,-0.5491738255785469,0.353873324149799
4941,56422,102021051,Ourimbah - Fountaindale,0.008762920926906724,-0.5155810278409283,1.112890957717154,-1.7358352426342125,0.0354702324505433,-0.46103088991471064,0.09077129246995012,-0.43060805119721374,0.052577525561440346,-0.6130273004803484,0.008762920926906724,-0.47462894886829277,0.15773257668432103,-0.46230835168801826,0.3299213420351705
6518,51708,102021052,Summerland Point - Gwandalan,0.21788153780789385,-0.4059134563366971,6.427505365332869,-1.36981075031896,0.14373897093800916,-0.42844541574425904,0.14138970655930813,-0.4087936826780747,0,-0.6255255994321671,0,-0.4762034741701979,0.10894076890394692,-0.48917866341379557,0.3498541184369794
15934,52690,102021053,The Entrance,0.4329754069968826,-0.2931122976869633,13.494400184736174,-0.8831043987140789,0.40080251369423986,-0.35107740028873885,0.19021434684102473,-0.38775235384387713,0.5773005426625101,-0.4882944404874256,0.5773005426625101,-0.37247387090119116,0.5773005426625101,-0.2312465700313226,0.41915887928310686
9968,48980,102021054,Toukley - Norah Head,0.2851277372262774,-0.37064769428692024,16.537408759124087,-0.6735283912891141,0.35755384383311273,-0.36409388532730147,0.18000488461254888,-0.3921521947997996,0.6652980535279805,-0.46737639259398955,0.5702554744525548,-0.3737397317075078,0,-0.5491738255785469,0.3904710166620907
5260,52805,102021055,Tuggerah - Kangy Angy,0.0718228274492482,-0.48251067327022634,6.14085174691072,-1.3895529624732317,0.35774868425290923,-0.36403524450858193,0.27527912959642165,-0.3510930757449835,0.17955706862312049,-0.5828427630186972,0.1077342411738723,-0.4568457405988538,0.9336967568402266,-0.034974330725318574,0.3702120664983262
20210,56644,102021056,Warnervale - Wadalba,0.13989274889251574,-0.4468129286671458,7.041268360923292,-1.3275400846351146,0.04879979612529619,-0.45701911182534705,0.06540100462483205,-0.4415415586657219,0.16320820704126837,-0.5867290805543734,0.13989274889251574,-0.4510674864645453,0.1165772907437631,-0.4849731270405541,0.38365263956589113
9193,48653,102021057,Wyong,0.3991113121449572,-0.3108715632128689,12.70504343661447,-0.937468437349289,0.3560005177405253,-0.3645613874703522,0.23126832516005055,-0.37005984750325954,0.1995556560724786,-0.5780888625281904,0.13303710404831906,-0.45229931160117515,0.5321484161932762,-0.25611245978829217,0.4106749243289807
24853,63900,115011290,Baulkham Hills - East,1.324009099553448,0.17417035102498207,33.94277873400657,0.5252023575468331,0.3627448727848961,-0.36253154940107296,0.22832891095067617,-0.3713266091343231,1.564738026744984,-0.2535688854045247,0.36109339078730396,-0.41132206249391573,0.36109339078730396,-0.3503147872693419,0.5149670428364963
21792,62992,115011291,Baulkham Hills (West) - Bella Vista,0.4598927530099981,-0.27899609888732463,29.249179091435877,0.20194796982659208,0.8154486039053931,-0.2262820101215349,0.24827753446643772,-0.36272960678545113,1.2876997084279946,-0.3194241664673179,0.5518713036119977,-0.37704300722310946,0.4598927530099981,-0.29590463560655345,0.4575446856499201
6368,61325,115011294,Glenhaven,0.13829537125392413,-0.4476506375665844,20.46771494558077,-0.4028430289644569,0.44303165414259615,-0.338367761435049,0.8797415474168201,-0.09059566239207979,0.41488611376177237,-0.5269022689238979,0,-0.4762034741701979,0,-0.5491738255785469,0.38880275188462726
12698,61915,115011296,West Pennant Hills,0.3831858067977162,-0.31922333754295423,30.7825931460832,0.30755621490587326,0.49590644918169285,-0.32245411644311184,0.541752636038098,-0.23625440735359277,0.5109144090636216,-0.5040752086980693,0.6386430113295269,-0.3614518304419447,0,-0.5491738255785469,0.43034457538811616
7685,60000,115011553,Castle Hill - Central,0.48178839853536326,-0.2675134183536691,25.052996723838888,-0.0870486351878726,2.297663605246722,0.2198179381738377,1.3609841766535686,0.11679929950375133,2.1680477934091344,-0.11015502665399923,0.24089419926768163,-0.43291950356348813,0,-0.5491738255785469,0.4507853758935448
5673,52504,115011554,Castle Hill - East,1.4478764478764479,0.23912980552913607,46.33204633204633,1.3784675306950647,1.3782007436158679,-0.05691137212315319,3.398771004404807,0.9949981451953336,1.9305019305019304,-0.16662248452081346,0,-0.4762034741701979,0.4826254826254826,-0.28338541242270615,0.5389593689344683
12214,59169,115011555,Castle Hill - North,0.5869491848743196,-0.2123642009990415,24.0649165798471,-0.15509901576734103,0.726838580417888,-0.25295083135223095,0.40584992807843234,-0.2948226538606352,1.0271610735300591,-0.38135727786199464,0.4402118886557396,-0.397106017663467,0.2934745924371598,-0.3875533785994564,0.43172863034751585
10436,61822,115011556,Castle Hill - South,0.24226566853211232,-0.3931257455166287,18.89672214550476,-0.5110393717235375,1.0725061217117275,-0.1489158079858332,0.9833661822336662,-0.04593788296095513,2.907188022385348,0.06554733762454108,0.24226566853211232,-0.43267307739170785,0,-0.5491738255785469,0.41495815965072036
5198,67129,115011557,Castle Hill - West,0,-0.5201765453116869,25.667664853633195,-0.04471563171956252,2.1985806480649184,0.18999709434500336,2.1564392288901097,0.4596063582011319,0.611134877467457,-0.4802516194015608,0,-0.4762034741701979,0.611134877467457,-0.21261354197596674,0.4434900074837189
19135,60765,115011558,Cherrybrook,0.48476622148968657,-0.2659517658492627,26.177375960443076,-0.009611156627223465,0.38317685393423095,-0.35638216774858533,0.28707040356673114,-0.346011541676287,0.7271493322345298,-0.4526736129638724,0.7271493322345298,-0.3455489776368289,0.12119155537242164,-0.48243198879219523,0.42739601944858013
17748,65240,115011621,Kellyville - East,1.0457516339869282,0.028244459984063965,24.226579520697168,-0.14396507615997386,0.5744916853376465,-0.2988024398953601,0.2941911948575379,-0.3429427856087555,0.17429193899782136,-0.5840943465303664,0.6971677559912854,-0.3509360798119767,0.17429193899782136,-0.4531888857861457,0.438049562839026
11417,68909,115011622,Kellyville - West,0,-0.5201765453116869,24.22664931424567,-0.14396026938638734,0.7400625579089086,-0.24897083137269693,0.6980737448277098,-0.1688867045955181,1.8019821803984382,-0.19717314739157635,1.2013214535989587,-0.26034953229504704,1.0011012113324655,0.002146218528873145,0.4275813507561057
22586,58477,115021297,Dural - Kenthurst - Wisemans Ferry,0.02383855892203096,-0.5076749473950007,1.8461639520728421,-1.6853337659696175,0.016195406137196472,-0.46683200447231876,0.014476399762880553,-0.4634878822938994,0.010594915076458204,-0.6230070629552086,0.02118983015291641,-0.47239607661439037,0.03178474522937461,-0.5316695343606009,0.3915794762331812
5438,55146,115021298,Galston - Laughtondale,0.01043302260314347,-0.5147051804499603,0.7563941387279015,-1.7603876479781562,0.025804368152313288,-0.4639400100894278,0.05409715423852169,-0.4464130340457463,0.005216511301571735,-0.6242855730704017,0.07824766952357602,-0.4621439001414414,0.005216511301571735,-0.5463010219016424,0.33361126767111043
2854,48994,115031299,Bilpin - Colo - St Albans,0.001388785951559794,-0.5194482276472036,0.016665431418717527,-1.811333738094472,0.0029034417814669837,-0.4708324663529966,0.010730134283574569,-0.46510236226539436,0.0009258573010398627,-0.6253055122140724,0.006018072456759107,-0.47512214439090367,0,-0.5491738255785469,0.3383645854011747
22296,58312,115031300,Kurrajong Heights - Ebenezer,0.027120687057405453,-0.5059537088589927,1.0456531565466325,-1.7404659985367608,0.009271613902533659,-0.4689158474742421,0.011166416170960267,-0.46491434345759736,0.00301340967304505,-0.6248092763538966,0.0301340967304505,-0.470788967050036,0,-0.5491738255785469,0.38898427307084144
11450,59933,115041301,Pitt Town - McGraths Hill,0.06210948660298374,-0.4876046171652786,3.3290684819199283,-1.5832041783721658,0.055328974965103424,-0.45505403500436403,0.07286694939528811,-0.4383240562311582,0.04968758928238699,-0.6137142724742112,0.08695328124417724,-0.4605796721817253,0,-0.5491738255785469,0.3638042421011927
10330,73844,115041623,Box Hill - Nelson,0,-0.5201765453116869,11.817413837289873,-0.9986006566484372,0.1093452024273275,-0.43879685486774206,0.15206945136817424,-0.4041911700718976,0.047459493322449295,-0.6142439172055536,0.09491898664489859,-0.4591483908994251,0,-0.5491738255785469,0.34495457194914814
17486,72312,115041624,North Kellyville,0.12493909219255613,-0.45465503875687463,12.119091942677946,-0.9778236882932043,0.46228750227944526,-0.3325723587097639,0.2326218710423354,-0.36947652719947444,0,-0.6255255994321671,0.12493909219255613,-0.4537543657627249,0.12493909219255613,-0.480368169328606,0.36018701494394695
17609,67138,115041625,Rouse Hill - Beaumont Hills,0.4626309823968911,-0.2775600958591822,26.25430825102357,-0.004312728473710858,0.5142825532636235,-0.31692348892051814,0.22910772584034764,-0.37099097327300407,1.6192084383891188,-0.24062062506919418,1.1565774559922277,-0.26838915252303097,0.5782887279961139,-0.23070236293663374,0.4471035667869473
17182,52189,116011303,Blacktown (East) - Kings Park,0.6269356638621745,-0.19139418833824282,28.588266272115156,0.15643003369751796,0.8771699079994573,-0.20770584503066197,0.6416946405958797,-0.19318368383949366,3.2600654520833072,0.14943047138975946,0.8777099294070443,-0.31849618648471717,0.7523227966346093,-0.13485943585610238,0.4871254428967887
20741,54079,116011304,Blacktown (North) - Marayong,0.5417998591320367,-0.23604175292177426,31.695291759224144,0.37041497019638586,0.32391486684524634,-0.37421815601773195,0.4552089929227343,-0.27355101092901574,1.8962995069621282,-0.17475280464737858,1.4899496126131009,-0.20848870381094275,0,-0.5491738255785469,0.45496193043927574
23603,56875,116011306,Doonside - Woodcroft,0.5045103222811939,-0.255597414727231,22.29935624482877,-0.27669548085632056,0.2697504667706929,-0.3905199314354967,0.2735781651923539,-0.35182611855195034,0.7063144511936714,-0.4576263103206533,2.623453675862208,-0.004820219034594462,1.311726837931104,0.17321197313855655,0.46006883627773454
25565,57913,116011307,Lalor Park - Kings Langley,0.593230393735487,-0.20907016179684496,29.237783691249007,0.20116315361073425,0.3159166076555107,-0.37662537967136195,0.2715013243640673,-0.3527211479992155,1.4407023847861828,-0.2830536227961749,0.4237359955253479,-0.40006641304095275,1.1017135883659046,0.05755482209054294,0.48283356998898486
12683,53264,116011560,Blacktown - South,1.1906888134785973,0.10425351519204797,24.409120676311247,-0.13139322641024623,0.682982032488906,-0.26615026850934215,0.704549593774318,-0.16609589105587996,2.679049830326844,0.01131619425620903,0,-0.4762034741701979,0.29767220336964934,-0.3852416972047593,0.44774535441749486
17238,53801,116011561,Blacktown - West,0.6416700532586144,-0.18366706807125632,38.286313177763994,0.8243472940735393,0.6787204995406699,-0.2674328554661243,0.5019714098870487,-0.2533984120209505,1.4972301242701003,-0.26961631132903613,0,-0.4762034741701979,0,-0.5491738255785469,0.45410305073603946
14923,57246,116011626,Seven Hills - Prospect,0.5273496723840161,-0.24361982947982613,15.952327589616486,-0.7138237018436026,0.5521569812370335,-0.30552448112113334,0.6299145889915876,-0.19826038154908326,2.1093986895360644,-0.12409661149722893,0.395512254288012,-0.40513766668608825,1.582049017152048,0.3220820714705129,0.4473570882525064
11623,58161,116011627,Toongabbie - West,0.30858482996975867,-0.3583461477575112,31.784237486885143,0.3765407795804261,1.1655230177813305,-0.12092065715434437,0.8150144073153085,-0.1184902875550038,0.6171696599395173,-0.4788170803159039,0.30858482996975867,-0.42075682269128245,0.6171696599395173,-0.2092901052434843,0.43767999947801545
15870,64468,116021309,Glenwood,0.5860977611065525,-0.21281071111050198,24.81147188684406,-0.10368276874154585,0.7472407918329708,-0.2468104094504533,0.5911223006621812,-0.21497819637086915,2.34439104442621,-0.0682361526519979,0,-0.4762034741701979,1.172195522213105,0.09637018105479261,0.45332183123960906
3681,65756,116021562,Acacia Gardens,1.0564124234100993,0.033835272049460095,41.200084512993875,1.0250225626634801,3.0134013707704543,0.435232422512642,4.973693142232105,1.673722133719855,2.1128248468201987,-0.12328217343579863,0,-0.4762034741701979,0,-0.5491738255785469,0.5428578084300097
24870,62355,116021563,Quakers Hill,0.5149728351829441,-0.2501105843393864,26.263614594330146,-0.0036717883559819206,0.27850360406958574,-0.38788551328905724,0.26461333679584,-0.35568957563314546,1.6736617143445682,-0.22767643808949706,0.12874320879573603,-0.4530708404983678,0.12874320879573603,-0.47827319060945794,0.4304190645863463
21202,72927,116021628,Kellyville Ridge - The Ponds,0.676544212164265,-0.16537809709163295,15.391380826737027,-0.75245684403443,0.6022909161683097,-0.29043574854155013,0.34998493524844715,-0.3188980731094687,1.0148163182463974,-0.38429177202798487,0.8456802652053312,-0.3242512899619462,0.16913605304106624,-0.4560283022616363,0.4088487698921726
15636,68946,116021629,Marsden Park - Shanes Park,0,-0.5201765453116869,3.514292788511457,-1.5704475364815598,0.14021741355124465,-0.42950529340487725,0.1194322103147479,-0.41825642313436157,0.19967572661996916,-0.5780603203405955,0.1198054359719815,-0.4546767832623235,0.19967572661996916,-0.43920968892469237,0.3313359004723804
13905,63563,116021630,Riverstone,0.15544556917949612,-0.43865660066366824,6.124555425672147,-1.3906753115752486,0.10530724643443751,-0.44001215221530443,0.08838411893645835,-0.4316368207490768,0.279802024523093,-0.5590133527550732,0.09326734150769767,-0.4594451591893575,0.062178227671798446,-0.5149314304695546,0.373925255060162
10053,72740,116021631,Schofields (West) - Colebee,0,-0.5201765453116869,5.971620584081366,-1.4012081354938317,0.2894638604780346,-0.3845868219300516,0.3778715633682226,-0.30688013075578163,0.1895752566375037,-0.580461321377573,0.1895752566375037,-0.4421405126667574,0,-0.5491738255785469,0.3385179876299507
25314,69616,116021632,Schofields - East,0.17147070423018226,-0.43025257776868003,13.889127042644764,-0.8559190402500385,0.2421615578821607,-0.39882332252084013,0.11224575973173084,-0.4213534755446913,1.200294929611276,-0.3402013149505113,1.200294929611276,-0.26053397855504423,0,-0.5491738255785469,0.3820561207530949
13101,69908,116021633,Stanhope Gardens - Parklea,0.7690730106644791,-0.11685344262962548,18.457752255947497,-0.5412718060346021,1.0507905420116155,-0.1554515123017776,0.996116398307217,-0.040443085916621,1.2817883511074653,-0.3208293659363698,0.25635767022149303,-0.4301410206266752,0,-0.5491738255785469,0.41738664160612976
18738,49638,116031313,Bidwill - Hebersham - Emerton,0.6562756357670222,-0.17600749768966115,38.3921246923708,0.8316346724127027,0.26618074670879327,-0.3915943045416933,0.4533026900714845,-0.2743725458122074,0.16406890894175555,-0.586524481544705,0.16406890894175555,-0.4467235039023434,0,-0.5491738255785469,0.44763989190196096
8415,58507,116031314,Glendenning - Dean Park,0.3889158969372873,-0.316218320201697,19.25133689839572,-0.48661658675000957,0.6054424539368347,-0.2894872351110979,1.0781826845786182,-0.0050760313786978265,1.166747690811862,-0.3481758899242454,0,-0.4762034741701979,0,-0.5491738255785469,0.40493739478288265
21571,58139,116031315,Hassall Grove - Plumpton,0.4834654805646877,-0.26663391027297983,28.524463353316577,0.1520358426668354,0.28090649590085853,-0.3871623186643097,0.4518368977240072,-0.27500423953504816,1.7727067620705217,-0.20413226017398148,0.16115516018822923,-0.44724704749860417,0.4834654805646877,-0.2829228141402845,0.43811544614128645
21867,53856,116031316,Lethbridge Park - Tregear,0.44376597557512065,-0.2874534258525215,22.98707753479125,-0.2293312100538715,0.12216907545443939,-0.43493727370767826,0.23832759160855033,-0.36701760600769395,0.621272365805169,-0.477841818664224,0.17750639023004827,-0.44430905163707995,0.08875319511502414,-0.5002962346900474,0.4197737436385912
23175,49935,116031317,Mount Druitt - Whalan,0.57567209717345,-0.2182782168826605,27.977663922629674,0.11437704587272668,0.37409371233795724,-0.3591159067761828,0.24225225017819468,-0.36532624625472176,1.0362097749122101,-0.37920629464640565,0.46053767773876003,-0.3934538713689436,0,-0.5491738255785469,0.4380316075120915
22986,56943,116031319,Rooty Hill - Minchinbury,0.47865866167038196,-0.2691547387035694,19.830144554915826,-0.4467533412956704,0.22787319911468634,-0.4031236676810415,0.18728157721458477,-0.389016251944279,1.5727356026312551,-0.2516677671368027,0.7521778969106002,-0.3410518346543059,0.27351923524021826,-0.3985430650422025,0.4446119458714201
13035,70363,117011321,Botany,0.8744571078788586,-0.06158711489160201,19.82102777858746,-0.4473812256859961,1.330525455026009,-0.07126012972961149,0.5450028718472163,-0.2348536949253242,3.206342728889148,0.13665994543182364,0.8744571078788586,-0.31908065481912656,0,-0.5491738255785469,0.4366861804654892
14829,57335,117011323,Pagewood - Hillsdale - Daceyville,0.9619701147951004,-0.015692879903431503,26.93516321426281,0.04257864936601572,1.2563324942026957,-0.0935898699880822,1.0045636119414163,-0.036802698628883745,5.451163983838902,0.6702804769833335,0.3206567049317001,-0.41858774314263,0.3206567049317001,-0.37258381978783894,0.48193751096263754
8967,51180,117011634,Eastlakes,1.2841503740087965,0.1532673357940459,21.188481171145142,-0.3532029099349117,1.3461596426544757,-0.06655473254608031,1.7094653541118163,0.2669797617686864,2.889338341519792,0.06130425761516369,0.3210375935021991,-0.41851930492477324,3.5314135285241903,1.3956236037604117,0.5296404525509892
21819,54485,117011635,Mascot,0.9835743090390479,-0.004363044461818001,28.195796859119373,0.12940014843713202,1.8527386269537958,0.08590955805882132,0.7967390109672319,-0.12636620065782236,8.196452575325399,1.322868006712559,1.9671486180780957,-0.12274538666636489,4.262155339169207,1.798053051168355,0.5983393803205382
20067,71474,117021327,Petersham - Stanmore,1.997802417340925,0.5275261543468123,29.301102121000234,0.2055239772427707,2.0558439187766036,0.14703784248360313,1.498951393563119,0.17625726094663394,8.32417673892052,1.353229549271602,7.3252755302500585,0.8400051008028712,0.9989012086704625,0.0009346471603423034,0.6107529048536693
8335,72318,117021328,Sydenham - Tempe - St Peters,0.7784322374737279,-0.11194520590428525,18.941851111860714,-0.5079312803866609,2.185400642697689,0.18603032858731433,3.0407509276317497,0.8407068258704977,7.005890137263552,1.0398572504472259,7.784322374737279,0.9224868300611538,0.2594774124912426,-0.4062760876873453,0.5631470497115643
12366,71111,117021636,Marrickville - North,1.063867513032377,0.037744926705826146,24.46895279974467,-0.1272725092849398,3.4900176919521346,0.5786788969063497,2.266993178455598,0.5072503755109293,5.319337565161885,0.638943779929235,7.447072591226639,0.8618896477256295,3.9008475477853826,1.5990759395365004,0.6311907989511736
14334,63307,117021637,Marrickville - South,2.338868655818771,0.7063906985649652,24.725182932941294,-0.10962560261852765,2.093228939111061,0.15828955402553907,1.8151329786665884,0.3125179822769507,4.00948912426075,0.327577331600936,6.348357780079521,0.6644721103360993,3.6753650305723546,1.4748996525356306,0.6224939292811529
10776,77084,117031329,Darlinghurst,8.168981211343214,3.763862553997955,65.35184969074571,2.6883864324930773,16.850852111637025,4.599868493834411,9.487783056147752,3.619101551116241,24.506943634029643,5.200064415745456,9.335978527249388,1.2012890573510864,9.335978527249388,4.592276444547741,0.9617584552674826
19368,87640,117031330,Erskineville - Alexandria,0.9259473598925901,-0.034584206309338006,33.1026181161601,0.4673393895072598,2.404747635408782,0.25204685251846753,0.742242372659391,-0.14985191771333564,8.102039399060164,1.3004248793619815,7.176092039167574,0.8131997486497238,1.1574341998657378,0.08824092020133464,0.5958244076716012
20493,70488,117031331,Glebe - Forest Lodge,3.909983491180815,1.5303266594960965,47.78868711443218,1.4787882994218526,2.8831403395229307,0.39602796212610153,1.312515438462845,0.09591134922771927,6.5166391519680245,0.9235565114641825,18.24658962551047,2.8023513910952853,5.647753931705622,2.5611210292158426,0.7933282808073129
18443,77966,117031333,Potts Point - Woolloomooloo,4.78272752118065,1.9880177046189171,44.41104126810604,1.246165382442089,6.860993616801237,1.593236288660768,4.449048856912233,1.4476229169165742,10.931948619841487,1.9731277323424288,16.39792292976223,2.470182185013845,9.5654550423613,4.718652280478181,0.8826131737730456
16053,74509,117031336,Surry Hills,4.557885141294439,1.870104158034082,45.578851412944395,1.3265940048408351,14.802077204643997,3.983251890135649,4.087789364389632,1.2919355481457304,17.471893041628682,3.527749781192162,14.433302947432392,2.1171784438402073,8.356122759039806,4.052656554737407,0.9160585436776391
8442,67591,117031638,Camperdown - Darlington,1.7537706068046301,0.3995491409634127,25.72196889980124,-0.040975640554664426,2.8876346167477327,0.3973805977665416,5.215972978371125,1.778134366409783,9.93803343855957,1.7368623521107887,21.04524728165556,3.3052153707804903,5.26131182041389,2.3483021059835467,0.7888881276335137
7956,47437,117031639,Chippendale,2.154243860404998,0.6095683627323928,25.850926324859973,-0.03209417288510666,20.06403595475243,5.566935447670497,34.074155964226684,14.214775256321634,17.233950883239984,3.4711881192077505,10.771219302024988,1.4591737208165916,8.616975441619992,4.196311672559342,0.9822493040158268
14893,72295,117031640,Newtown (NSW),5.093270516330299,2.1508750180119867,29.28630546889922,0.20450491232895893,6.356755906955578,1.441476647794115,4.283936122689822,1.3764664001364963,11.459858661743173,2.098618185780453,12.733176290825746,1.8116989741977085,6.366588145412873,2.956992801141399,0.8239874206222887
12837,65158,117031641,Pyrmont,1.0753844499408538,0.043784726130470006,47.31691579739757,1.4462967876088706,10.25372413124254,2.6143411254778024,1.9719763751971648,0.3801107686821408,13.9799978492311,2.6976850423713126,11.829228949349393,1.6492773373238434,4.301537799763415,1.8197415075063095,0.80275239509967
13881,70057,117031642,Redfern,1.7658484901995408,0.4058831161999884,40.614515274589436,0.9846936381613978,3.8248813441874643,0.6794622905523433,3.5770057195129112,1.0718096737313365,11.772323267996939,2.1728947139951234,15.892636411795868,2.3793920918604607,2.3544646535993876,0.7474618611808903,0.7512878702975592
12408,68972,117031643,Rosebery - Beaconsfield,2.4356085976983497,0.7571237927850353,42.62315045972112,1.1230309882485157,4.715949110227503,0.947645573003548,2.3999521655248377,0.5645500043918272,3.044510747122937,0.09819057155998162,7.915727942519637,0.9460978375106496,2.4356085976983497,0.7921489341094564,0.6527142364630424
8199,62966,117031644,Sydney (North) - Millers Point,19.924039599028703,9.928539451232721,55.7250482535334,2.025375941341343,40.3997021995185,11.687329352827735,3.9282412458652805,1.2231771424026867,28.329493804868935,6.108729749142451,61.95131062822987,10.655233963639445,15.565655936741173,8.023044468097156,0.9995676336058791
20346,35875,117031645,Sydney (South) - Haymarket,24.976873265494913,12.578384814984027,71.23034227567068,3.0932459573709012,22.21512332485194,6.2143448745834835,4.865585168723289,1.6271322273309377,44.403330249768736,9.929670560749052,41.62812210915819,7.003554939535455,14.801110083256244,7.601998674830733,0.9971461785222336
7558,41075,117031646,Ultimo,1.789549033643522,0.41831233499264703,42.94917680744452,1.1454848521141339,20.67049889350086,5.749461657008485,13.660679646133755,5.417441258984549,17.89549033643522,3.6284438623445188,14.316392269148176,2.096171884205945,3.579098067287044,1.4218841273881748,0.9351164670999755
16639,68417,117031647,Waterloo,1.7638239703677574,0.40482140215116125,53.7966310962166,1.8925633124575918,6.614737409156083,1.519120940078744,3.8415581184114203,1.1858204270513943,12.346767792574303,2.309446963701387,19.402063674045333,3.009967452028425,6.1733838962871515,2.85059259510433,0.8515506429404058
12846,64176,117031648,Zetland,1.2426991425375917,0.1315291665238565,38.52367341866534,0.840694606410488,8.474267856631872,2.0787809325372826,6.525801948809558,2.342614553555662,13.66969056791351,2.6239213357795808,38.52367341866534,6.445746298738687,1.2426991425375917,0.13519748305684767,0.8759847368933278
19297,76417,118011339,Bondi - Tamarama - Bronte,1.6024357022674465,0.3201849422519085,40.862110407819884,1.0017458410099311,2.6303130470706,0.31993492434914067,0.9781552713244044,-0.048183562382960926,2.8042624789680315,0.04108072004085924,6.409742809069786,0.6755017980520506,1.2018267767005848,0.11268851565080404,0.5726270993241198
21041,75695,118011340,Bondi Beach - North Bondi,1.6257519102584945,0.3324126049306505,39.01804584620387,0.8747426864640754,3.4054947694806876,0.5532401641245571,0.5182835725129096,-0.24636856856839817,3.657941798081613,0.2440103791553515,8.535197528857097,1.0574043922068321,2.438627865387742,0.7938116858640689,0.6130859174804572
17866,72603,118011341,Bondi Junction - Waverly,2.3776500891618784,0.7267287520468907,57.063602139885084,2.117563910046355,3.777322010002872,0.6651484315632565,1.3936987626974668,0.13089788494447366,12.284525460669705,2.2946512261063776,6.340400237765009,0.6630422958005477,4.359025163463444,1.8514005800675486,0.7621898950931693
11184,72627,118011344,Dover Heights,0.5346164127238706,-0.2398089503830252,44.90777866880513,1.2803763413113423,2.82031190546391,0.37711858584813596,0.7487624828065415,-0.1470420294919419,1.0692328254477412,-0.37135632541550717,2.673082063619353,0.004097030461113269,2.1384656508954825,0.6285082745206821,0.5352753979684889
14927,84655,118011345,Paddington - Moore Park,1.342281879194631,0.1837531007474564,27.114093959731544,0.05490184541499583,2.4369155842550074,0.2617283901524027,1.0807422537798959,-0.0039729666776121475,6.97986577181208,1.0336709513399431,7.248322147651007,0.8261780847907377,7.516778523489933,3.5904182758038035,0.7005893757196129
12027,80031,118011346,Rose Bay - Vaucluse - Watsons Bay,1.168042361002959,0.09237709078167289,37.182681825260865,0.7483387496108792,1.430876981134968,-0.041057486679813286,0.2592193433206745,-0.3580141557997499,1.946737268338265,-0.16276315292056223,4.866843170845662,0.39827294491645876,1.3627160878367854,0.2012924461105034,0.5433348529352094
7486,84677,118011347,Woollahra,1.5618898867629833,0.29892159809176766,41.390081999219056,1.03810793972058,5.278628658175725,1.1169943631719197,3.1724236020913676,0.8974521091085715,7.809449433814916,1.2308727881045856,5.4666146036704415,0.5060401271402393,3.904724716907458,1.6012111492707386,0.6975881234451361
14516,84072,118011649,Bellevue Hill,0.9506908353403473,-0.021608045203249486,50.386614273038404,1.6577109636772738,1.523794900035736,-0.013092124853198724,0.49701528405497036,-0.25553428998696737,2.2182786157941434,-0.09821456677005273,3.48586639624794,0.15013845972773235,1.2675877804537963,0.14890399424513406,0.5460352392549136
10046,83322,118011650,Double Bay - Darling Point,1.9241870309794114,0.48892021496166654,47.463280097492145,1.4563770896827943,7.987119170997556,1.932164548762347,3.045976756412456,0.8429589342561733,7.055352446924508,1.0516150257778214,14.110704893849016,2.0592138904739032,1.282791353986274,0.15727680883733658,0.7367037304663303
11975,61742,118021564,Kensington (NSW),2.27074896870151,0.6706668554695908,27.62744578586837,0.0902570616413291,1.5675594829171173,7.963372628204293e-05,1.519234367998334,0.18499835422176047,6.055330583204027,0.8138980149890943,10.218370359156795,1.3598375912385314,0.7569163229005034,-0.13232971850599495,0.5968706078017706
13775,53759,118021565,Kingsford,0.9929993545504195,0.000579709406610835,44.18847127749367,1.2308366941177273,2.432938527482879,0.2605314215487867,1.1365883493518727,0.020094308662376877,4.964996772752098,0.5547127875599445,0.9929993545504195,-0.29778093429375335,0.9929993545504195,-0.002315584121914185,0.5436837951001338
9837,67678,118021566,Maroubra - North,1.6563604240282686,0.3484645539275938,39.75265017667844,0.9253358540002261,2.301202174957101,0.22088293600708808,1.562604173611574,0.2036888829408249,0.5521201413427562,-0.4942801193504085,1.1042402826855124,-0.27779311774067766,0,-0.5491738255785469,0.4904081678466451
11124,64444,118021567,Maroubra - South,1.4527845036319613,0.24170372536249482,59.07990314769976,2.256429215435687,1.8458007597385582,0.08382147893184119,1.8381921176279559,0.32245548356154863,1.4527845036319613,-0.28018156041413145,2.9055690072639226,0.04587038185665014,1.4527845036319613,0.25089434690411944,0.5842607742255509
9911,58503,118021568,Maroubra - West,0.977326035965598,-0.007639811228358468,31.274433150899135,0.3414298836719669,2.2828269329637365,0.21535256794595195,2.1989835809225955,0.477941151780525,2.931978107896794,0.07144023380888402,0.977326035965598,-0.30059712274078676,0,-0.5491738255785469,0.48987948676117893
16293,77539,118021569,Randwick - North,4.133085348212441,1.6473274278813768,56.82992353792106,2.1014701570308487,1.7439981445381778,0.05318210385054333,1.464017952373739,0.16120244397031516,3.6164496796858856,0.23414721244454728,2.0665426741062203,-0.10488622105473289,1.5499070055796653,0.3043810288214872,0.6279804160835303
12837,72013,118021570,Randwick - South,0.8895478131949592,-0.05367313272690255,38.25055596738325,0.8218846479110131,1.9402772275032218,0.11225591479088051,1.227809265969578,0.0594066167927621,7.116382505559674,1.0661225916954677,2.0756115641215716,-0.10325671909888147,1.1860637509266123,0.1040076031051026,0.5626390307950713
19720,82703,118021651,Coogee - Clovelly,2.589331952356292,0.8377405606284005,42.908929496189984,1.1427129667920515,1.733224227743563,0.04993949483588155,0.5958194329487153,-0.2129539335304586,1.8495228231116374,-0.18587217499612135,10.727232374047496,1.4512701311766367,1.1097136938669825,0.061960588927891726,0.6048483355629112
10685,66864,118021652,Malabar - La Perouse,0.23776972002615465,-0.3954835449398004,15.09837722166082,-0.7726363881309641,0.4995723176965066,-0.321350805686281,0.38314641809002825,-0.30460689428924087,0,-0.6255255994321671,1.426618320156928,-0.21986809696150955,0.8321940200915413,-0.09087326748399614,0.39875226565087085
13469,60926,118021653,Matraville - Chifley,1.1717148046165562,0.09430302152182611,37.78780244888394,0.7900142037574183,0.9308299361049188,-0.19155586966156085,0.7666060803684943,-0.13935220317228475,2.3434296092331124,-0.06846469715533504,0,-0.4762034741701979,0.29292870115413905,-0.38785400834880235,0.4811468066167257
5640,71138,118021654,South Coogee,1.7664723547076486,0.4062102879581624,43.27857269033739,1.1681707803037362,2.2394108752056185,0.20228570443184746,1.7711955428218402,0.29358282923933565,1.7664723547076486,-0.2056142524544579,1.7664723547076486,-0.15880298170848883,0,-0.5491738255785469,0.5075223711504222
23966,45954,119011354,Bass Hill - Georges Hall,0.5607833021163962,-0.226086311737556,39.47914446899429,0.9064991557711014,0.4623666047659179,-0.33254855135719125,0.22777550857692777,-0.3715651018555491,1.3458799250793507,-0.3055940416559001,0.5607833021163962,-0.3754416955996494,0.6729399625396754,-0.17857664156833936,0.48324165341022957
1480,55658,119011355,Chullora,0,-0.5201765453116869,10.863929285696651,-1.0642683932253822,5.688881889469529,1.2404676414092588,5.155840728288855,1.7522199420490356,1.9752598701266637,-0.15598299352301678,0.24690748376583296,-0.4318390340866016,0.24690748376583296,-0.41319851828764004,0.4965182872175241
12795,45799,119011356,Condell Park,0.29989203886600824,-0.3629048872143834,23.291615018593305,-0.2083573125421574,0.7226784836552237,-0.2542028892176883,0.37589877020056184,-0.3077303201176099,1.0996041425086969,-0.36413670455783254,0,-0.4762034741701979,0.7997121036426886,-0.10876150036850094,0.4284705840439739
17214,54688,119011358,Padstow,0.7681553517383356,-0.11733468828532245,23.812815903888403,-0.17246152127627998,0.5729705307494032,-0.2992602594306843,0.5834091279025333,-0.2183022434801625,1.0754174924336697,-0.36988615701023964,1.0754174924336697,-0.28297200876361106,0.46089321104300135,-0.295353669769494,0.44838387609313396
17710,54418,119011360,Revesby,0.7854688267059401,-0.10825502439735271,40.84437898870888,1.0005246548277629,0.655296550795046,-0.27448272496200715,0.6132368711734978,-0.20544776363299785,1.9636720667648502,-0.15873755127491393,0.5891016200294551,-0.3703534483778129,0.5891016200294551,-0.2247475563244073,0.4897168734474708
22580,45361,119011361,Yagoona - Birrong,0.5395974602946202,-0.2371967516281815,39.75034624170369,0.9251771789647892,0.5886662579830592,-0.2945363407676996,0.4192025017826447,-0.28906826647606704,1.6187923808838605,-0.24071952685329945,0,-0.4762034741701979,0.5395974602946202,-0.2520101699538359,0.46702559178114517
17050,44021,119011571,Bankstown - North,1.0946907498631637,0.053909482399382355,45.61211457763182,1.3288848827924071,2.026729501701693,0.13827532156726235,1.0432504763742487,-0.020130316991285088,7.662835249042145,1.1960208643538957,0.7297938332421091,-0.34507381258831615,4.0138660828316,1.661316782941038,0.6278833404999731
18500,42430,119011572,Bankstown - South,1.356483993488877,0.19120108126734434,36.625067824199675,0.7099351391149179,1.411476587819507,-0.04689639294314562,0.9219859725366195,-0.07239012446638211,4.747693977211069,0.503057345948034,1.808645324651836,-0.1512253248076124,2.260806655814795,0.6958831287958925,0.5733498533544249
14698,43915,119011655,Greenacre - North,0.7352580755845303,-0.13458692741496972,53.42875349247586,1.8672270974820704,1.247274097467294,-0.09631616159331141,0.43378057556609456,-0.2827857410447095,3.1861183275329643,0.13185236630800634,0,-0.4762034741701979,1.4705161511690605,0.26065940621239775,0.5394595085468988
13444,43470,119011656,Greenacre - South,1.0338766929730847,0.022016913330552185,38.25343764000414,0.82208311249888,1.9789566770187974,0.12389720867427592,0.4670777921721639,-0.2684360667853751,2.7570045145948927,0.029846943626264003,0.3446255643243616,-0.4142810084492159,0.3446255643243616,-0.35938384313415156,0.4870193989431366
11369,58901,119011657,Panania (North) - Milperra,0.5287578157014634,-0.24288136027867296,17.581197372073657,-0.601641295097933,0.31044581052047393,-0.3782719169934548,0.4761244247475521,-0.2645373556067043,0.793136723552195,-0.43698763050402695,1.0575156314029268,-0.28618862265060235,0.3965683617760975,-0.3307782385679181,0.416742253274797
16012,60018,119011658,Panania (South) - Picnic Point,0.5860033109187067,-0.21286024339454088,22.41462664264053,-0.26875665677576865,0.44100299129218185,-0.3389783249442967,0.3767849205112096,-0.30734842728695555,0,-0.6255255994321671,2.19751241594515,-0.08135352299326845,0.87900496637806,-0.06509384310687111,0.4381125472262096
20405,49248,119021362,Belmore - Belfield,1.107763204537398,0.06076503825139099,39.87947536334633,0.9340704716041637,0.9739412834795844,-0.17858071435859993,0.8087599088312547,-0.12118570852557567,2.215526409074796,-0.098868798820502,1.3293158454448777,-0.23735144636635153,0.8862105636299185,-0.061125622761370395,0.5151659009807491
21689,42028,119021366,Punchbowl,0.5718860802928056,-0.22026370857712113,40.0320256204964,0.9445768086859098,0.8613404009512495,-0.2124700271967825,0.528746579919383,-0.24185946049993187,3.2406877883258987,0.144824171796126,0.9531434671546761,-0.3049422568319716,0.38125738686187044,-0.3392102005608558,0.4890608234504507
14585,50265,119021367,Roselands,0.8227969611365569,-0.08867912095629753,50.73914593675434,1.6819902835563927,1.1489634173338732,-0.12590457439760372,0.9932020568987581,-0.041699042244341566,3.0169221908340416,0.09163244581203707,0.2742656537121856,-0.4269233066535162,1.371328268560928,0.2060352910925564,0.5387743566936164
17228,39413,119021573,Lakemba,1.371993048568554,0.1993344575887912,55.79438397512119,2.030151183785483,3.360698087392209,0.5397577762487158,1.0794595189367064,-0.004525770456337345,2.28665508094759,-0.0819606732360608,2.28665508094759,-0.06533633161423535,0.457331016189518,-0.2973154188928696,0.5647594061557304
10207,39550,119021574,Wiley Park,1.4354410392593124,0.23260833420322266,31.579702863704874,0.36245421075933343,2.3977926637965394,0.24995362550766984,3.1953310805429895,0.907324251208989,2.870882078518625,0.05691698586627886,0.7177205196296562,-0.34724315063429506,0.7177205196296562,-0.15391538011891726,0.51912226072502
11930,40777,119021659,Campsie - North,1.2761613067891782,0.14907764855516065,25.523226135783563,-0.05466331640875062,2.781240065089575,0.36535919469703937,4.848637183849462,1.6198283717213606,2.5523226135783563,-0.018808362259933334,1.2761613067891782,-0.24690227613220211,5.104645227156713,2.2620236836552556,0.618659324086749
9107,40490,119021660,Campsie - South,2.6785714285714284,0.8845402037438356,47.32142857142857,1.4466075882986182,6.10793894806193,1.366590593883568,6.676701952024861,2.4076459919935944,3.571428571428571,0.22344516315383708,4.4642857142857135,0.32594125253771955,1.7857142857142856,0.4342433030980637,0.6992832319312803
12268,53792,119021661,Canterbury - South,0.4783315794508754,-0.26932626964247147,30.613221084856026,0.2958913380270863,1.766255343097869,0.0598808183539675,1.5374257274435528,0.19283805101869256,2.391657897254377,-0.057000263346638526,0.9566631589017508,-0.3043098371448717,0,-0.5491738255785469,0.45922571935550266
17988,61648,119021662,Earlwood,0.7156019106571015,-0.1448951625440523,28.445175948619784,0.1465752147030172,0.8523332741732489,-0.2151808881625127,0.8270338383506648,-0.11331042756308907,1.967905254307029,-0.15773127258727504,1.7890047766427537,-0.1547543466990035,0.7156019106571015,-0.15508212687636105,0.47487091818024124
6266,54653,119021663,Kingsgrove - North,1.5314521995482218,0.28295923525274785,26.417550442206824,0.006929976183593884,1.9369228664889333,0.11124635796296825,2.361894200413667,0.5481486514265206,5.742945748305831,0.7396404493680235,0.38286304988705544,-0.4074104810301185,0.38286304988705544,-0.33832594010862,0.5216117137636883
13817,49186,119031370,Narwee - Beverly Hills,0.8847208705653367,-0.05620451459943197,38.927718304874816,0.8685217097532016,1.2229983808205782,-0.10362238635229237,1.2965135066339055,0.08901520196165913,2.0643486979857855,-0.13480552668789028,1.179627827420449,-0.2642474521317143,0,-0.5491738255785469,0.48601874774173554
12585,59174,119031371,Oatley - Hurstville Grove,0.9185055914027878,-0.03848687499635311,21.58488139796551,-0.3259023043504948,0.749912193219201,-0.2460064019217243,0.698896713106619,-0.1685320405144982,0.4592527957013939,-0.5163557844999844,5.28140715056603,0.4727619744047847,0.4592527957013939,-0.29625706879473923,0.45955231502538246
20261,57305,119031372,Peakhurst - Lugarno,0.5353247413712343,-0.23943748330017114,35.73292648652989,0.6484921904550676,0.5766478693266467,-0.29815349654696743,0.1909535869139136,-0.38743377303362797,0.8029871120568515,-0.43464607678866835,0.8029871120568515,-0.3319224135988136,0.13383118534280858,-0.4754711727689081,0.45250581804064083
11638,44992,119031373,Riverwood,1.4641824371316665,0.24768111611671342,43.559427504667084,1.1875136211845367,1.4656921629647632,-0.030579215443784204,2.045826707084229,0.4119370987643357,1.8302280464145833,-0.19045877135632028,2.928364874263333,0.04996635278561605,0.7320912185658333,-0.14600124088737818,0.5437327524281802
25399,49928,119031374,South Hurstville - Blakehurst,1.1216870172739801,0.06806706975712577,34.13133352562254,0.5381883743265158,0.6775811514245526,-0.26777576330016345,0.3025698687079144,-0.33933193603233214,2.083133032080249,-0.13034026856445316,2.884338044418806,0.042055593561482335,0,-0.5491738255785469,0.49880434976633237
12143,42753,119031664,Hurstville - Central,7.3385518590998045,3.328362493196594,58.708414872798436,2.2308443287829545,8.6354074050915,2.1272788523202615,3.7063393227776786,1.12754691746531,16.307893020221787,3.2510532251614594,5.707762557077626,0.5493696923970026,0,-0.5491738255785469,0.8043264137436407
12123,44367,119031665,Hurstville - North,1.2429050834817914,0.13163716763614636,52.20201350623524,1.7827398993095906,1.6472277220661098,0.024057260003837615,1.5188249492649184,0.18482191228279335,1.2429050834817914,-0.3300723779994109,0.828603388987861,-0.3273196702321994,0,-0.5491738255785469,0.5174139658420505
14715,59316,119031666,Mortdale - Oatley,0.6750371270419873,-0.16616845410467887,25.426398451914853,-0.061331966495447386,0.6575285188085955,-0.27381097301337604,0.5834374477458836,-0.21829003884059878,0.6750371270419873,-0.4650612997669307,2.700148508167949,0.008960340552560337,0.6750371270419873,-0.17742170457213274,0.4471898271850433
9556,51043,119031667,Penshurst,1.196029183112068,0.10705415234895387,44.25307977514652,1.2352863664248561,2.3655244412743914,0.24024190866113462,3.866473652301944,1.1965579550422851,4.186102140892238,0.3695603320763657,1.794043774668102,-0.1538489374235644,1.196029183112068,0.10949570206037426,0.586876935562614
12991,55489,119041377,Kingsgrove (South) - Bardwell Park,1.3202714478096695,0.17221022334250982,51.75464075413905,1.751928748790931,1.3110231450038285,-0.07712970970597255,1.503323148879061,0.17814130024840094,1.8483800269335375,-0.18614383114810587,1.3202714478096695,-0.23897654752108183,0.7921628686858018,-0.11291896666890473,0.5534633483656546
13117,54896,119041378,Kogarah,0.9010226607199171,-0.047655406136067016,32.43681578591701,0.421484706322658,2.7442140196508875,0.35421552327229106,1.5981876126289425,0.21902382114202743,5.856647294679461,0.7666686501569915,4.054601973239627,0.2523291063781472,0.45051133035995855,-0.3010711125727795,0.5417895949558307
16237,53147,119041379,Kogarah Bay - Carlton - Allawah,1.712670910284589,0.37799532631916705,33.96797305397768,0.5269375235380737,1.0407312299978202,-0.1584790478247484,1.0170254811666206,-0.03143216672648111,2.283561213712785,-0.08269612202724905,2.8544515171409817,0.03668556982424604,0,-0.5491738255785469,0.506149703503982
13909,57331,119041380,Monterey - Brighton-le-Sands - Kyeemagh,1.1834669664782982,0.10046617940095164,47.6345454007515,1.4681723566332798,1.5868616668933972,0.005888982077239221,0.7681999967867291,-0.1386652934624171,3.5504008994348943,0.21844663711003062,4.438001124293618,0.32121842640041154,0.29586674161957455,-0.386235989530468,0.5510395096639917
19988,49270,119041381,Rockdale - Banksia,2.5166377719366926,0.799617727051871,34.11442313069739,0.5370237331611176,1.7291287473115824,0.048706884447174165,0.7823906522218157,-0.13254972874633125,4.474022705665231,0.4380024516794314,2.5166377719366926,-0.024012945384570217,0.27962641910407693,-0.3951797558791727,0.5579516884577811
16669,59088,119041382,Sans Souci - Ramsgate,0.8673967255773609,-0.06528977414043094,37.514908381220856,0.7712196299819267,1.053739498046767,-0.1545639695811764,0.4853926835911365,-0.26054313299854825,2.6021901767320825,-0.006954253386634429,4.336983627886805,0.30306756034166826,0.43369836278868046,-0.31033024233712786,0.5102546987005342
16651,52544,119041668,Arncliffe - Bardwell Valley,1.1592858798979828,0.08778495053118548,19.70785995826571,-0.4551752424862243,1.0624408460298613,-0.15194513838472667,0.9271637999755362,-0.0701587026031518,3.0141432877347554,0.09097186771669805,3.0141432877347554,0.06537905404066596,1.3911430558775795,0.2169475637915927,0.4958514076266909
10161,54146,119041669,Bexley - North,0.38451186219094863,-0.3185279175137626,44.60337601415004,1.259411729660517,1.661260776516351,0.028280766619958504,1.480030262474783,0.16810306382715773,3.8451186219094864,0.28850452139715277,1.9225593109547432,-0.13075721204351365,0.38451186219094863,-0.33741791676211214,0.5176276155095517
15874,50743,119041670,Bexley - South,1.1206155914982632,0.06750518452365185,55.65724104441374,2.020705969563565,0.8494860117821026,-0.2160378243049241,1.3653555790414416,0.11868318670863617,1.1206155914982632,-0.359142034913754,1.8676926524971051,-0.1406156762123825,1.1206155914982632,0.06796441213267275,0.5425501618065067
10861,54732,119041671,Wolli Creek,0,-0.5201765453116869,17.660044150110377,-0.5962110136723928,6.233020523778331,1.4042362015783323,14.288061610121662,5.6878160151065655,2.9433406916850626,0.07414125420751265,8.830022075055188,1.1103785901350873,2.9433406916850626,1.0717638993924672,0.7509884454639034
23204,65557,120011383,Concord - Mortlake - Cabarita,1.1076124622225036,0.060685984823035576,28.639693666039022,0.15997190603450365,0.8489777104113927,-0.21619080697949355,0.25362508795202876,-0.3604250402653591,0.9493821104764316,-0.39984625622349496,1.8987642209528632,-0.13503272378002049,0.6329214069842878,-0.20061540404725556,0.48289101180327676
18406,75127,120011385,Drummoyne - Rodd Point,1.3496369476610792,0.18761030155049055,37.519907144978,0.771563901424045,1.5647752071654584,-0.0007583454250091774,0.6062756440703625,-0.20844775436967203,3.778983453451022,0.2727834105651705,1.889491726725511,-0.13669880942595014,0,-0.5491738255785469,0.5120364570897791
20999,71098,120011386,Five Dock - Abbotsford,0.8657633868663694,-0.06614634201826952,40.04155664256959,0.945233222726143,1.2141879014817174,-0.10627406264349608,0.4778998602706831,-0.26377221893697034,3.67949439418207,0.24913368586054324,1.5150859270161465,-0.20397220031235308,1.7315267737327389,0.40440150372997136,0.534588459139394
12927,61139,120011672,Concord West - North Strathfield,0.9763479704166566,-0.008152735783446755,18.79469843052064,-0.5180658793150699,1.240544241826687,-0.09834163579954551,0.6493834189668484,-0.18987014966692542,2.6849569186458053,0.012720378933156197,4.14947887427079,0.26937662768821946,0.9763479704166566,-0.01148572769097141,0.47892712799069875
11629,56838,120011673,Rhodes,0.9940357852882704,0.001123242276843668,42.74353876739563,1.1313222895203654,8.855628803496845,2.193558544775982,2.454409346390791,0.5880187169798231,7.952286282306163,1.2648267943975045,9.940357852882704,1.3098841876844098,0.9940357852882704,-0.001744807627352075,0.693128939106508
15629,87932,120021387,Balmain,1.5494867325198527,0.2924170418493616,28.665504551617275,0.1617495357109763,2.5082867958764012,0.2832088729334227,0.6907073101871557,-0.17206132242604755,0.3873716831299632,-0.5334427741274678,9.68429207824908,1.2638741820623562,0.7747433662599263,-0.12251212342173734,0.5294691138344768
13869,88220,120021389,Lilyfield - Rozelle,1.6648630650129028,0.3529235734164606,23.86303726518494,-0.16900270999439201,1.7646180009870698,0.05938803004032317,0.9789124286477404,-0.04785726000515313,4.439634840034407,0.4298280497771059,7.491883792558062,0.86994134314701,1.6648630650129028,0.36768889324090204,0.5688576992304608
9516,79708,120021674,Annandale (NSW),2.6872690628149143,0.8891014830767894,26.872690628149144,0.03827608009906968,4.708933545863672,0.9455341094863553,2.7604201980636,0.719896287807347,6.718172657037286,0.9714634064400612,14.77997984548203,2.17946949406401,5.374538125629829,2.410657371244574,0.7369317649668932
17630,79649,120021675,Leichhardt,2.0108586366378445,0.5343731959190828,32.17373818620551,0.40336620562090775,2.591038307560391,0.30811446696005523,1.0430597029882682,-0.02021253214994407,5.697432803807225,0.728821484792439,7.038005228232455,0.7883882526325517,5.362289697700918,2.403911995502769,0.6726934683004613
12049,60418,120031392,Canterbury (North) - Ashbury,1.6513640266860425,0.34584430532914423,34.678644560406894,0.5758824059684752,1.0964322527585975,-0.14171479746221952,1.4938325899298082,0.17405127581566904,0.9908184160116256,-0.38999635688898604,6.275183301406962,0.6513240893640174,0.9908184160116256,-0.003516656618673108,0.5375664763051089
17459,56241,120031393,Croydon Park - Enfield,1.0072775805192515,0.008067604988292152,28.707411044798672,0.16463569107710285,0.9981042524189847,-0.17130842310208544,1.0210619163905237,-0.029692636022844016,3.2736521366875677,0.15266018682681792,3.7772909269471935,0.2025017414472892,0.5036387902596258,-0.2718130982944685,0.4997235608468103
18049,72319,120031394,Dulwich Hill - Lewisham,1.4806040864672787,0.2562930820410844,33.31359194551377,0.4818694349363929,1.2161313968573,-0.10568913185695357,2.1331117411948965,0.44955321010544613,5.922416345869115,0.7823027305890422,5.552265324252295,0.5214298844834159,1.4806040864672787,0.2662149692969373,0.5828350429138576
13553,70670,120031395,Haberfield - Summer Hill,1.4390145628273758,0.23448238854265854,31.94612329476774,0.3876900683337856,1.4248930445763581,-0.04285846277773629,1.97552577266764,0.38164040697355706,3.741437863351177,0.26385838025270464,3.741437863351177,0.19605964796571873,1.726817475392851,0.4018080291251346,0.563091042853602
21023,51941,120031396,Homebush,0.5203996669442131,-0.2472646040574916,19.514987510407995,-0.46845862193658633,1.632514771201582,0.01962912601922766,0.7399685026352565,-0.1508318583053804,3.642797668609492,0.24041044067429015,3.122398001665279,0.08483030637489015,1.0407993338884263,0.024008514199660793,0.4718078595245502
3648,57764,120031576,Strathfield South,0.3982159923542529,-0.31134109360968715,18.317935648295634,-0.5509011599082678,2.1177056610944374,0.16565627504869923,4.608981392989038,1.516546990160374,3.1857279388340234,0.1317595663024018,0.3982159923542529,-0.4046518578980677,0.7964319847085058,-0.11056790644912516,0.49876767513829107
11508,53561,120031676,Ashfield - North,1.2813120635530784,0.15177884749254367,44.205266192581206,1.2319933820346503,1.8816626585025222,0.09461477893885832,2.190277031714664,0.4741890019676811,5.1252482542123134,0.592806457837773,6.406560317765392,0.674929966681705,1.9219680953296177,0.509280128023033,0.6068286899370616
12274,54094,120031677,Ashfield - South,4.267222986107818,1.717672905556719,50.7325399459485,1.6815353202711014,2.800623418000261,0.37119297233619625,2.7551477870039327,0.7176241044545274,7.112038310179697,1.0650899251333905,6.637902422834384,0.7164976130025438,1.4224076620359394,0.23416540735336994,0.7003899175751407
16048,40000,120031678,Burwood (NSW),1.0498687664041995,0.03040359780018893,38.84514435695538,0.8628347332300569,5.642521255132241,1.226514553252622,3.092396955535197,0.8629640519314856,6.824146981627297,0.9966547553253423,6.299212598425196,0.6556416835153046,0,-0.5491738255785469,0.622983916696894
10997,54756,120031679,Croydon,2.318661359508444,0.6957934349350073,36.325694632298955,0.689316913186573,1.4513157247082344,-0.03490606975109142,1.9002588999100642,0.34920360844568504,0.772887119836148,-0.4418012005265125,3.091548479344592,0.07928725128506675,0,-0.5491738255785469,0.5186443916673568
16583,45329,120031680,Strathfield - East,1.1804517195246715,0.09888490071892038,44.85716534193752,1.2768905348444504,2.460609124097136,0.2688593980621478,2.0759342789402697,0.4249121727467941,5.902258597623358,0.7775109956969815,1.1804517195246715,-0.26409941485339594,3.5413551585740146,1.4010985945560712,0.6254059851072553
9292,61668,120031681,Strathfield - West,0.7672438045062786,-0.11781272880004137,38.106442290478505,0.8119593492196997,1.238555431295112,-0.09894020501824999,0.986967428211968,-0.044385900183303094,2.0459834786834095,-0.13917115627402551,2.0459834786834095,-0.1085803058981363,1.0229917393417047,0.01420162984090726,0.5049219320071298
21425,68928,121011399,Chatswood (West) - Lane Cove North,0.9029834573430614,-0.04662711029573869,37.92530520840858,0.7994841998637836,0.5276710798569488,-0.31289396485307264,0.3392548994400982,-0.3235222589824926,1.4447735317488983,-0.2820858630685448,5.598497435526981,0.529736889598454,0.1805966914686123,-0.4497167729059142,0.5053147846532611
11986,84528,121011401,St Leonards - Naremburn,1.0865628395508873,0.04964698201253805,15.57406736689605,-0.7398749814596557,3.251408908606582,0.5068651817456294,1.843620428051791,0.3247948528632573,6.519377037305324,0.9242073391529328,4.346251358203549,0.30473279000614484,1.4487504527345165,0.24867274024383917,0.5453086913073999
9469,69890,121011682,Artarmon,1.2060543930531267,0.11231164900063502,21.105951878429718,-0.35888681099535613,1.929636081397705,0.10905326556443308,2.3699758815454457,0.5516315098612311,7.23632635831876,1.0946346624558954,6.030271965265633,0.6073183179215437,0.6030271965265633,-0.2170785520701938,0.5444135759848153
13468,75641,121011683,Castle Cove - Northbridge,0.520514789126446,-0.24720423080933202,25.89561075904069,-0.02901669706448007,0.6705473412046211,-0.2698927182443459,0.2745331166278724,-0.3514145753831836,0.6506434864080576,-0.4708599563204769,1.041029578252892,-0.2891508435846724,0.260257394563223,-0.4058465409587434,0.4335768989814351
19770,52063,121011684,Chatswood - East,4.69304549320975,1.9409859751543879,42.237409438887745,1.0964644962160215,3.688325460331132,0.6383632781468479,0.7449708558258377,-0.1486760583277361,9.972721673070719,1.7451081552443826,12.319244419675593,1.737323522241995,0,-0.5491738255785469,0.741465025278784
12980,80878,121011685,Greenwich - Riverview,0.6540079788973425,-0.17719671950841576,45.34455320354908,1.3104575786456627,0.8330456022934819,-0.2209858688303077,0.6089459766269483,-0.20729695540637016,1.0900132981622375,-0.3664165615606566,2.8340345752218177,0.03301704514995118,0.2180026596324475,-0.42911679781396755,0.4936572537052418
15931,77072,121011686,Lane Cove,1.1189186769905561,0.06661527574419374,39.16215369466947,0.8846675837431104,1.2192849307988234,-0.10474001764141248,0.3986984341529088,-0.29790464144875595,2.685404824777335,0.012826851511970673,6.042160855749004,0.609454518742456,0.6713512061943337,-0.1794515912821888,0.5396547580503492
13024,73385,121011687,Willoughby,1.3041635421081803,0.1637627932349033,41.73323334746177,1.0617412249214495,1.5796360470482604,0.0037142984878810086,0.7950062231762139,-0.12711295798158997,5.542695053959767,0.692038493655564,0.9781226565811353,-0.3004539856149762,0.6520817710540902,-0.19006353112521837,0.5386775675994633
22134,64006,121021403,Asquith - Mount Colah,0.14413832666933804,-0.4445864305611382,10.60858084286328,-1.0818545767155041,0.07033043860255042,-0.4505390677783111,0.0715800331084281,-0.43887866203301684,0.2882766533386761,-0.5569988333703775,0.8360022946821607,-0.3259902317585149,0.14413832666933804,-0.4697948899451163,0.38982827059087266
11793,61817,121021404,Berowra - Brooklyn - Cowan,0.06115848855357728,-0.4881033467769182,2.3362542627466523,-1.6515806009430163,0.033397834841434555,-0.4616546162063986,0.03317820355528604,-0.45542820584532534,0.03669509313214637,-0.6168027422962895,0.23240225650359367,-0.4344453393956172,0.012231697710715457,-0.5424376633953002,0.3617468669336423
19199,64840,121021406,Normanhurst - Thornleigh - Westleigh,0.7008269758314811,-0.1526435459526,30.836386936585168,0.3112610640911651,0.27690365135573763,-0.3883670485739361,0.2853452576605471,-0.34675500567498807,1.3015358122584648,-0.31613516113366935,1.5017720910674595,-0.20636443593121567,0,-0.5491738255785469,0.47065395020088274
11998,56701,121021577,Hornsby - East,1.1678604796013703,0.09228170715724225,27.639364683899096,0.09107793184301331,2.2809521508022543,0.21478831766880224,1.499179049552465,0.17635537092768588,3.503581438804111,0.20731709821526775,7.785736530675802,0.9227409261924114,3.114294612270321,1.165910547074527,0.5876884975861943
10653,58544,121021578,Hornsby - West,1.272709917592033,0.14726764484907132,25.13602087244265,-0.08133065275079278,0.5331332025959303,-0.3112500382504964,0.7444757437318407,-0.14888943043492356,0.9545324381940247,-0.39862196248150256,1.272709917592033,-0.24752242318852682,0.1590887396990041,-0.46156149428278476,0.47381913295799044
11889,61743,121021579,Wahroonga (West) - Waitara,0.946790380609733,-0.0236535512631528,36.45142965347472,0.6979764496575835,1.2901004429201508,-0.08342678287638418,1.1623171982231026,0.031182340576206474,5.2073470933535315,0.6123223217782537,0.946790380609733,-0.3060837820829289,0,-0.5491738255785469,0.4951069688120522
22592,60384,121031407,Gordon - Killara,0.2570407752349781,-0.38537727197091204,16.536289873450258,-0.6736054504187727,0.44220600791428305,-0.33861625489883623,0.2675185865411741,-0.35443753742284173,0.942482842528253,-0.40148629371944505,1.2852038761748905,-0.24527750347810684,0.7711223257049343,-0.12450627967276795,0.4138954251576325
24754,68250,121031408,Lindfield - Roseville,0.5893992337809961,-0.2110793277645617,27.785963878246957,0.10117441139345987,0.36735833313142796,-0.36114304340147896,0.1471811633622298,-0.40629781284030025,1.5155980297225613,-0.26525004321329276,2.4417968256641265,-0.03746039795290898,0.2525996716204269,-0.4100637530675625,0.47480204030457285
17262,69135,121031409,Pymble,0.585280202897137,-0.21323946118893702,27.605716236648295,0.08876051897397765,0.4046080265654328,-0.3499320609867211,0.33808234621988886,-0.3240275792007198,0.9754670048285616,-0.39364556868146605,0.585280202897137,-0.3710400822084908,0.19509340096571234,-0.44173323794573177,0.4515362201003428
21773,62343,121031410,St Ives,0.3375071720274056,-0.34317847372166976,14.400306006502639,-0.8207134719099912,0.2562861607274961,-0.394572262726347,0.13070817173952085,-0.4133969667022939,0.7312655393927121,-0.45169514189546006,1.518782274123325,-0.20330803911616951,0,-0.5491738255785469,0.41502885692907016
20321,64606,121031411,Turramurra,0.19377404009184887,-0.4185560931759944,13.225078236268686,-0.9016529559369522,0.1671123494222554,-0.421410766301449,0.2036997745613855,-0.38194071206839897,0.2906610601377733,-0.5564320317059849,1.5017488107118289,-0.2063686189552648,0,-0.5491738255785469,0.3920234465760221
18244,67477,121031412,Wahroonga (East) - Warrawee,0.37517820964958354,-0.32342274238752483,17.933518421250096,-0.5773764805194775,0.22826562854145896,-0.4030055588055852,0.19560123222155948,-0.3854308369616235,0.6753207773692504,-0.4649938727332303,1.1255346289487507,-0.27396694068639793,0.30014256771966685,-0.38388123397986695,0.4185591369739545
18989,81765,121041413,Cremorne - Cammeray,1.2353304508956147,0.12766482135176185,38.29524397776405,0.8249623700292487,1.2116504106551595,-0.10703776731893322,0.8131453731540381,-0.11929576122900783,4.014823965410748,0.3288454863655647,4.014823965410748,0.24518177727311774,0.30883261272390367,-0.37909550808043013,0.5263625603381099
18036,83821,121041414,Crows Nest - Waverton,1.6853175138196035,0.3636504506335431,36.065794795739514,0.6714172692174512,2.225785272742457,0.19818482800784085,0.8189672056048056,-0.11678680078798079,7.078333558042335,1.0570779073784384,11.460159093973305,1.582962711149844,1.011190508291762,0.0077025314986762785,0.6254216603689985
17341,79701,121041416,Neutral Bay - Kirribilli,3.1651293181407127,1.139704583372719,41.598842466992224,1.0524855480232014,3.3871032188494534,0.5477048876779953,1.1289920877976503,0.0168206452753919,7.234581298607344,1.0942198411471868,7.234581298607344,0.8237091232801443,4.52161331162959,1.940940083170332,0.7064899502708432
12578,85147,121041417,North Sydney - Lavender Bay,2.0896458050360467,0.5756913604746715,63.211785602340406,2.5409974007774023,7.455307322387708,1.772105962151748,1.2875205206629985,0.08513961017187098,11.493051927698255,2.1065086172274223,24.553338209173546,3.9355506177642687,4.701703061331105,2.040117956121442,0.8550906963740796
13820,76383,121041688,Mosman - North,1.2183606956839572,0.11876541358577188,52.08491974048917,1.7746754974784682,1.6573937104817942,0.027116901757904453,0.4245159218411001,-0.28677841000115817,3.045901739209893,0.09852122681156956,3.959672260972861,0.23527209592314555,1.8275410435259358,0.4572778671366953,0.5797197533048488
14641,80331,121041689,Mosman - South,0.931584438813534,-0.03162796661696552,35.40020867491429,0.6255774766601532,0.867892339691046,-0.21049810036402705,0.21570696123034072,-0.376766128873985,1.3042182143389476,-0.31549752247051704,7.080041734982858,0.7959413897696207,1.4905351021016544,0.2716841145897374,0.534881054628858
20853,73271,122011418,Balgowlah - Clontarf - Seaforth,0.6569956901082729,-0.17562988132946408,37.05455692210659,0.7395146188211118,0.618778849744712,-0.2854734007652326,0.17266641001531483,-0.39531476304916835,1.9709870703248187,-0.1569986885127387,2.102386208346473,-0.09844583981179676,0.3941974140649637,-0.3320839516985004,0.48782438323951255
22728,77750,122011419,Manly - Fairlight,1.0393312645691972,0.024877441147078707,28.21042003830678,0.13040726604296163,1.0922725111628815,-0.14296674843363172,0.21236123233152335,-0.3782079947340076,1.7817107392614808,-0.20199190842698914,8.16617422161512,0.9910981298210636,1.6332348443230242,0.35027080221434737,0.5505944315771604
13078,56676,122021420,Avalon - Palm Beach,0.4648082085129623,-0.27641829842227095,30.677341761855512,0.3003074134834761,0.7783529413086003,-0.23744663411430006,0.11098572314063093,-0.4218964973489171,0.34860615638472175,-0.5426577977922954,1.394424625538887,-0.22565267349263743,1.0458184691541652,0.026772620210885396,0.45883278495672347
11257,59217,122021421,Bayview - Elanora Heights,0.015483950884907793,-0.5120563343225092,2.864530913707942,-1.615197492378635,0.06409808219212074,-0.45241481041344506,0.05146069348750744,-0.44754923571155397,0.030967901769815585,-0.6181641633414285,0.12387160707926234,-0.4539461719349257,0,-0.5491738255785469,0.33121726831557696
13699,61478,122021422,Newport - Bilgola,0.5174197999310107,-0.24882732852276224,19.489479130734736,-0.4702154176330549,0.9241213060548503,-0.1935749556347564,0.2652618681077672,-0.3554100864138742,0.689893066574681,-0.46152986743901,0.5174197999310107,-0.3832332678321985,0.17247326664367024,-0.45419045337107844,0.40766387022842643
14627,59292,122021690,Mona Vale - Warriewood (North),1.0833062506770663,0.047939136969822896,25.225559837194545,-0.07516398634715261,1.1596007879186871,-0.12270306148376199,0.26552708460567825,-0.35529578946232265,1.5475803581100949,-0.25764746593156945,2.011854465543123,-0.1147126212718189,0.7737901790550474,-0.1230370565712408,0.4865867752567945
10896,63033,122021691,North Narrabeen - Warriewood (South),0.7690828686791003,-0.11684827281481185,24.80292251490098,-0.10427157524472239,0.8593597582753345,-0.21306613814864692,0.18393244627210623,-0.3904595839394124,1.7304364545279756,-0.21418041163814078,2.1149778888675255,-0.09618336138259768,2.1149778888675255,0.6155732447248413,0.4836732499258692
14549,57919,122031424,Beacon Hill - Narraweena,0.9215315854950928,-0.03689996021832494,33.40551997419711,0.4882006393188115,0.7173238851970531,-0.25581445440436545,0.4168209549279949,-0.2900946111703361,1.8430631709901857,-0.18740771061664632,0.6911486891213195,-0.3520175882678525,0,-0.5491738255785469,0.45721094290886605
8052,58745,122031425,Cromer,0.2669692317960355,-0.38017051546077274,14.683307748781953,-0.8012227692743151,0.4741256848836696,-0.3290094392663116,0.5951164328935254,-0.21325689644521556,0,-0.6255255994321671,1.067876927184142,-0.28432690068550354,0,-0.5491738255785469,0.38284866575875
13159,63005,122031427,Forestville - Killarney Heights,0.44787316232043084,-0.2852995038211374,11.868638801491416,-0.995072725912979,0.38545205283675654,-0.355697404666401,0.26113361368773497,-0.35718918725848725,0.44787316232043084,-0.5190608577882123,0.8957463246408617,-0.31525539943577685,0,-0.5491738255785469,0.3894907547073035
22009,71383,122031429,Freshwater - Brookvale,1.2528188423953897,0.1368362162945042,38.00217155266015,0.8047780862067878,1.0922895890150182,-0.142961608538982,0.295431801966885,-0.3424081370790133,2.784041871989755,0.036274042885495406,2.9232439655892426,0.04904622577050817,2.088031403992316,0.6007334492458538,0.576656632058833
17616,66600,122031430,Manly Vale - Allambie Heights,0.32071498059674364,-0.3519847621425755,21.487903699981825,-0.33258128610682225,0.3319540841402111,-0.37179860526674535,0.2592159875504091,-0.3580156019930088,0.5345249676612394,-0.498462699995513,0.6414299611934873,-0.3609510701232622,0.21380998706449578,-0.4314257595841911,0.40645426897749526
3798,61222,122031432,Terrey Hills - Duffys Forest,0.014175590200698005,-0.5127424747581576,1.5876661024781766,-1.7031368532503972,0.09554900187937569,-0.44294907593252986,0.210901448256931,-0.3788370991485654,0.04252677060209402,-0.6154164836690207,0.07087795100349002,-0.46346809425144014,0,-0.5491738255785469,0.3306942100182028
8668,58007,122031692,Belrose,0.14882613386910742,-0.44212801514625744,9.599285634557429,-1.1513660667093946,0.2927417607831428,-0.3836002773631009,0.29712404720984176,-0.3416788518570494,0.29765226773821485,-0.5547701390685607,0.8929568032146445,-0.3157566218138425,0.07441306693455371,-0.5081935381908993,0.36768354515939305
13982,64217,122031693,Collaroy - Collaroy Plateau,0.726480203414457,-0.13919028573009465,23.48952657706744,-0.1947268829083517,0.7689820491012705,-0.24026697699666755,0.48668402946704936,-0.25998661823352415,1.210800339024095,-0.33770405502717715,3.1480808814626466,0.08944501697242366,0.24216006780481897,-0.41581298478452783,0.441120263147612
9148,65071,122031694,Dee Why (South) - North Curl Curl,0.5021340697966357,-0.25684358708218064,37.660055234747674,0.7812160849076462,1.5149650553549567,-0.01574962950130121,1.712307143381537,0.26820445123197106,1.0042681395932713,-0.38679919870499546,1.0042681395932713,-0.29575615427808294,2.5106703489831785,0.8334864607857564,0.5143622958224716
17914,60002,122031695,Dee Why - North,2.882398155265181,0.9914325620501361,41.31437355880092,1.032893799739264,2.488617364525034,0.2772889947100179,0.886891740081594,-0.08751423559161006,5.764796310530362,0.7448345861409374,3.8431975403535743,0.21434386934468888,1.4411990776325905,0.24451409533647334,0.600632877388116
17198,64781,122031696,Frenchs Forest - Oxford Falls,0.41932237504193226,-0.3002723242809666,13.478219197776394,-0.8842188045924482,0.20933725466433079,-0.4087024021112197,0.23399686107250683,-0.36888396538638896,0.8985479465184262,-0.4119301375269329,0.3594191786073705,-0.41162288563953703,0.05990319643456175,-0.5161843210942594,0.4175927475259575
11250,59109,122031697,Narrabeen - Wheeler Heights,1.3189567052461502,0.17152073607329898,26.708873281234542,0.026993763709205948,1.4889555694778762,-0.023577664094430326,0.8816555516351272,-0.08977080854953089,1.6486958815576878,-0.23361111147740538,3.2973917631153755,0.11627325871658127,0,-0.5491738255785469,0.4711894439774549
13335,62139,123011433,Camden - Ellis Lane,0.2672428932479174,-0.3800269998460951,7.024670336802401,-1.3286832124119068,0.16433383761776696,-0.422247010686507,0.1109490153393604,-0.42191231683909375,0.19088778089136957,-0.5801493188568922,0.6490184550306566,-0.3595875663726707,0.19088778089136957,-0.4440493300837081,0.3984419281516324
6492,62111,123011698,Currans Hill,0.2828694274722788,-0.3718320142203592,15.416383797239193,-0.7507348565330763,0.7102236087181368,-0.25795141359534723,0.7249682437546754,-0.15729632743169147,0.7071735686806969,-0.4574220879447823,0,-0.4762034741701979,0.9900429961529758,-0.003943690874383955,0.4067004378957665
14080,62302,123011699,Elderslie - Narellan,0.1959682792678625,-0.4174053736211218,10.9742236390003,-1.0566722758823521,0.2769722128856863,-0.38834641371668704,0.17896646508480593,-0.3925997091414316,0.391936558535725,-0.5323576493162526,0.5225820780476333,-0.3823057075383316,0.13064551951190834,-0.47722556224174245,0.376642296073202
11279,65641,123011700,Harrington Park,0.32087792199457715,-0.351899311178599,13.47687272377224,-0.8843115380300951,0.42958211030393784,-0.34241564976811284,0.3454014230296848,-0.3208733705669424,1.4439506489755973,-0.2822814720249039,0.32087792199457715,-0.41854799476813037,0.16043896099728858,-0.460817909061532,0.3860016593019609
19146,62302,123011701,Mount Annan,0.302929326588107,-0.3613120497453418,11.66277907364212,-1.00925055643747,0.14951854884872096,-0.4267059451513934,0.17664989054621366,-0.3935980535502014,0.1514646632940535,-0.5895206596357233,0.4543939898821605,-0.3945577717758869,0.6815909848232408,-0.17381240601157544,0.39302948197959636
9592,69256,123011702,Spring Farm,0.17066302585544843,-0.4306761465892598,8.021162215206076,-1.2600535046072703,0.2544288229496364,-0.39513126279443456,0.5264127879563493,-0.242865224881225,0,-0.6255255994321671,0.17066302585544843,-0.44553867021378984,0,-0.5491738255785469,0.35106151770437577
20199,54520,123021436,Bradbury - Wedderburn,0.13640629433204565,-0.44864132161708675,7.993408847857875,-1.2619649155610184,0.04200441362172998,-0.4590643075498168,0.07440741227802908,-0.4376601827057086,0.10912503546563652,-0.599585289350751,0.0818437765992274,-0.4614977501161014,0.1636875531984548,-0.4590288651812932,0.37784340247142895
22262,54464,123021437,Campbelltown - Woodbine,0.8001338405696953,-0.10056428657352132,27.27729001942143,0.06614137293560814,0.4149631159184885,-0.3468155058170515,0.218475349978876,-0.3755730718916351,2.473140961760876,-0.0376307763112989,2.4004015217090857,-0.044898323503182624,3.4187536824341525,1.3335802952393638,0.5792500227418395
20389,56314,123021438,Claymore - Eagle Vale - Raby,0.26172072653673684,-0.3829229764056634,11.472091846526967,-1.0223834368578844,0.0720976056066836,-0.4500072062680311,0.11676793331626206,-0.41940461241147786,0.17448048435782457,-0.5840495270709085,0.04362012108945614,-0.4683657925454979,0.08724024217891228,-0.5011294384361096,0.393956408482372
16805,53684,123021441,Leumeah - Minto Heights,0.16916108787495612,-0.4314638042991628,11.376083159590799,-1.0289956815474157,0.07901901456818837,-0.4479240805561308,0.12443946029733077,-0.4160985128490909,0.08458054393747806,-0.605419804943936,0.16916108787495612,-0.4458085390591101,0.2537416318124342,-0.4094348600682339,0.38062057560629436
21520,53291,123021443,Minto - St Andrews,0.402793777641723,-0.3089403767207152,19.172983815746015,-0.49201286672416855,0.25081025187728107,-0.39622033851342275,0.1774701144605546,-0.3932445721727711,0.2416762665850338,-0.5680762958165094,0.0805587555283446,-0.461728643240262,1.1278225773968245,0.07193339722478728,0.4272509795942325
21298,55000,123021444,Rosemeadow - Glen Alpine,0.12478500583369902,-0.454735845894134,5.199375243070793,-1.4543936889897102,0.03788820723657559,-0.46030315579648057,0.04627995765828162,-0.4497819109664431,0.02079750097228317,-0.6205817877592769,0.45754502139022973,-0.39399159311491994,0.2703675126396812,-0.4002787615167175,0.3826241935854963
14958,64049,123021703,Denham Court - Bardia,0.12832605082994875,-0.4528788242137213,3.978107575728411,-1.5385040013539464,0.14670246484771515,-0.4275534975821185,0.13403598373715137,-0.4119628222593137,0.12832605082994875,-0.5950209811669965,0.3849781524898462,-0.4070304385086809,0.3208151270748718,-0.37249657456031116,0.3513304179208231
10591,58495,123021704,Glenfield,0.5718697280759443,-0.22027228413074063,13.724873473822663,-0.8672313998170705,0.29832690469451345,-0.3819193252692212,0.5089620221395018,-0.2503857575434669,1.1437394561518885,-0.35364521911125535,0.14296743201898607,-0.45051502611275746,0.28593486403797214,-0.39170560950932154,0.40302535730464406
16777,54788,123021705,Ingleburn,0.4250616339369208,-0.2972624985914362,14.735469976479923,-0.7976302879677084,0.3002312905854749,-0.3813461652035603,0.2403650949654608,-0.36613952932579386,0.2125308169684604,-0.5750045135008398,0.2833744226246139,-0.42528663924073734,1.6294029300915298,0.3481605149634594,0.4372297664403122
14260,50306,123021706,Macquarie Fields,0.4432820603750166,-0.28770720433289276,20.058513231969503,-0.4310252898006273,0.23469702355058736,-0.40106991183234386,0.28682956847795194,-0.3461153312847424,0.3324615452812625,-0.5464955625763398,0,-0.4762034741701979,0.664923090562525,-0.1829916419319522,0.4137765357543252
5968,56030,123031445,Bargo,0.04426704834699464,-0.4969616839938246,0.7525398218989089,-1.7606530998533725,0.038570484484646804,-0.4600978118721428,0.05349492247370953,-0.44667257014319006,0,-0.6255255994321671,0.059022731129326184,-0.4655982451231894,0.029511365564663092,-0.5329215154418679,0.34174368689386475
11142,64572,123031446,Douglas Park - Appin,0.013795672297600241,-0.5129417141870767,0.4966442027136087,-1.7782769680993509,0.01052443138840442,-0.4685387889401127,0.016125858910111326,-0.462777036046693,0.013795672297600241,-0.6222462051515206,0.013795672297600241,-0.473724661994378,0,-0.5491738255785469,0.34752798959796316
19069,58279,123031447,Picton - Tahmoor - Buxton,0.02106275278594398,-0.5091306567070245,1.168982779619891,-1.7319721250003977,0.014911487891879162,-0.46721842335374497,0.007985877833533262,-0.46628501926066385,0.005265688196485995,-0.624273883141528,0.06845394655431794,-0.4639036403859982,0.06318825835783194,-0.5143751928423593,0.35034205557749326
9834,59130,123031448,The Oaks - Oakdale,0.01239405407649734,-0.5136767614477035,0.7374462175515918,-1.7616926162594013,0.007593469169300027,-0.4694209160898277,0.015135795278346369,-0.46320371106820973,0,-0.6255255994321671,0.021689594633870345,-0.47230627872315983,0.003098513519124335,-0.5474674320683869,0.3480179659197543
5761,46454,124011449,Blackheath - Megalong Valley,0.01436610289290214,-0.5126425646468228,1.249850951682486,-1.726402627506608,0.0494995907696767,-0.4568084957174322,0.0604747081553411,-0.44366458145403564,0.02873220578580428,-0.6186956146882765,0.17957628616127674,-0.44393713186932043,0,-0.5491738255785469,0.335672074215122
19041,64834,124011450,Blaxland - Warrimoo - Lapstone,0.2020644248741307,-0.4142083866950075,11.382962601242696,-1.0285218853422877,0.08914138800182228,-0.44487756553551355,0.09767228580536093,-0.42763401863465617,0.2020644248741307,-0.5774924985466371,0.5051610621853267,-0.38543592296408874,0,-0.5491738255785469,0.39505536112696565
13373,46437,124011452,Katoomba - Leura,0.14679473691936568,-0.44319333574545633,9.663986847191573,-1.1469100089994206,0.19758507923043309,-0.41223943611011704,0.09106373258025165,-0.43048202203469127,0.12232894743280472,-0.5964465634914231,0.8073710530565111,-0.3311347052440766,0.048931578973121885,-0.5222265399571452,0.3941576877781889
11480,55097,124011453,Lawson - Hazelbrook - Linden,0.06398321080548464,-0.4866219845043428,4.393513808643278,-1.5098944271034849,0.051089962170465374,-0.4563298441054729,0.04505859915879199,-0.4503082641697421,0.14929415854613082,-0.5900366142556146,0.17062189548129236,-0.44554606053664286,0.021327736935161545,-0.5374283509604968,0.35151164569962007
22087,61228,124011454,Springwood - Winmalee,0.10048130545312045,-0.467481376823221,6.244195410301057,-1.3824355482969102,0.0391243367997843,-0.45993111980053214,0.030492771550905226,-0.45658551202392755,0.10048130545312045,-0.6016400060876387,0.2009626109062409,-0.4400944280829252,0,-0.5491738255785469,0.38708882357554375
6436,49058,124011455,Wentworth Falls,0.04753800663630573,-0.49524630323322727,6.13240285608344,-1.3901348487096539,0.21789484085938765,-0.4061268386769721,0.13572592901157954,-0.4112345282252795,0.23769003318152865,-0.5690238705879869,0.38030405309044585,-0.4078702826461965,0.04753800663630573,-0.522993999184547,0.3449323490961971
16115,58332,124031457,Cambridge Park,0.7590593736242048,-0.12210487013288158,28.692444322994945,0.16360491323892462,0.19594706759396163,-0.41273242592986376,0.41150722762550074,-0.2923846000542665,0.7590593736242048,-0.44508821915550423,0.9108712483490458,-0.31253774680983587,0.7590593736242048,-0.1311495113439809,0.4557421959585943
13950,63503,124031459,Emu Plains - Leonay,0.5074670146440481,-0.25404684368790614,18.99376540524866,-0.5043558746424552,0.17409262663159866,-0.41930992310437065,0.34233885908527056,-0.32219320445938604,0.5799623024503407,-0.4876617087410949,0.21748586341887777,-0.4371255231518044,0.43497172683775553,-0.30962898344766304,0.43580709430937237
21162,65666,124031460,Glenmore Park - Regentville,0.5415357955160836,-0.23618023516652192,24.04418932091411,-0.15652652938284675,0.20472008147286025,-0.4100920255599919,0.21910878747927443,-0.37530008745867477,0.32492147730965015,-0.5482879258079665,0.10830715910321671,-0.45674279846538113,0,-0.5491738255785469,0.41829951198598314
17405,59270,124031461,Jamisontown - South Penrith,0.5544405140772446,-0.22941264475942996,21.955844357458886,-0.3003535968616213,0.3727063495951601,-0.35953345918745155,0.29290275892260337,-0.3434980463138489,1.1088810281544892,-0.3619314792471157,0.9979929253390403,-0.29688368740323356,0.6653286168926935,-0.1827683130699906,0.44109089520832356
24882,58551,124031462,Kingswood - Werrington,0.3565570847892748,-0.3331881739524693,21.03686800256721,-0.3636447084927755,0.16622707915583906,-0.4216772047194372,0.20079238901268465,-0.38319367071847876,0.9983598374099694,-0.3882036719318364,0.4991799187049847,-0.38651061732943526,2.5672110104827786,0.8646241715775876,0.468228993439428
12088,65932,124031463,Mulgoa - Luddenham - Orchard Hills,0.025208331101345686,-0.5069566010772025,0.9894269957278181,-1.7443383682686178,0.01741310098413604,-0.46646551674431186,0.04580248585035892,-0.44998768086585433,0.08192707607937348,-0.6060505656006139,0.03781249665201853,-0.46940930893654864,0.04411457942735495,-0.5248793270799406,0.35056635892156895
18139,56660,124031464,Penrith,1.250661407475107,0.13570479790663073,25.10943287315407,-0.08316180327176666,0.7027468925453938,-0.2602016692566795,0.3848188946077252,-0.30388612854118247,3.174755880513733,0.12915137842099353,2.21270864399442,-0.0786230583734601,1.1544566838231756,0.0866011616461222,0.5575307234472072
6053,62441,124031465,Warragamba - Silverdale,0.015719760682363373,-0.5119326691596005,1.5876958289187006,-1.7031348059512958,0.04259112426743091,-0.4588877261574583,0.05231201558190807,-0.4471823523504325,0,-0.6255255994321671,0.0628790427294535,-0.4649053414399224,0,-0.5491738255785469,0.32767123637515116
17140,61214,124031707,Cranebrook - Castlereagh,0.1022465614481385,-0.46655562788252725,4.560196640586977,-1.498414760986516,0.03364472617079936,-0.46158030970621844,0.05555799962250879,-0.4457834722522946,0.08179724915851079,-0.6060814269934164,0.1431451860273939,-0.4504830871980864,0.16359449831702158,-0.45908011176930597,0.36973070585310086
13481,65433,124031708,Jordan Springs - Llandilo,0.04421648390519986,-0.4969882013819884,4.554297842235585,-1.498821018996268,0.09282148909703701,-0.4437699712210509,0.12474268462838502,-0.4159678361493051,0.13264945171559958,-0.5939932577018769,0.13264945171559958,-0.4523689651346603,0.26529890343119916,-0.40307011350066346,0.3416921249040065
15303,56206,124041466,Richmond - Clarendon,0.05356702842266529,-0.4920845178899718,2.464083307442603,-1.6427768463148475,0.060994933690449095,-0.45334876020136095,0.06954749795210438,-0.4397545976332488,0.10713405684533057,-0.6000585684892715,0.2008763565849948,-0.4401099262954885,0.06695878552833161,-0.5122987122803379,0.3562065214679393
15390,58249,124041467,Windsor - Bligh Park,0.21997360316761988,-0.4048163195496848,9.326880774307083,-1.1701269481262029,0.1832398695652298,-0.4165568915967653,0.16916979815822725,-0.3968216530019877,0.3519577650681918,-0.5418610808139247,0.13198416190057194,-0.4524885046872362,0.1759788825340959,-0.4522598630516834,0.38623043794002815
7564,56596,124041468,Yarramundi - Londonderry,0.03683883500868169,-0.500857243985462,1.31391844864298,-1.721990214629529,0.036689479604979994,-0.46066393499112585,0.12776474569484977,-0.4146654572625461,0.012279611669560563,-0.6226065906728243,0,-0.4762034741701979,0,-0.5491738255785469,0.34322882045501185
6522,61836,124051469,Erskine Park,0.2382540741446679,-0.3952295362785072,10.24492518822072,-1.1069000204973474,0.28311393355123826,-0.3864979495810063,0.6186632046457043,-0.20310924631276953,0.7147622224340037,-0.4556181752988774,0.11912703707233395,-0.45479867826071385,0,-0.5491738255785469,0.3709866817871278
20060,59020,124051470,St Clair,0.5552856250433816,-0.22896944525529117,24.571388908169638,-0.12021759961411385,0.22491005500884728,-0.4040154805632552,0.301185477333239,-0.33992854942224543,0.2776428125216908,-0.5595266229557094,0.2776428125216908,-0.42631649734432897,0,-0.5491738255785469,0.41324724104966526
13089,55131,124051580,Colyton - Oxley Park,0.6448700586831754,-0.1819888969502619,30.30889275810924,0.2749318454371779,0.3169580597597291,-0.3763119354480721,0.5571712965985617,-0.22960962502312102,1.5046968035940758,-0.26784139344593116,0.42991337245545025,-0.39895645936717417,0,-0.5491738255785469,0.43451313494410854
17464,54745,124051581,St Marys - North St Marys,0.2331980784478336,-0.39788103989821233,18.267182811746967,-0.5543965745905945,0.31691294826473027,-0.376325512584701,0.3799897842224706,-0.3059672682896064,1.3214557778710572,-0.3113999499825627,0.3886634640797227,-0.4063682601788676,0.4663961568956672,-0.2923231226920668,0.41012828528652207
19663,38824,125011582,Auburn - Central,0.8037293039704227,-0.09867872638059727,37.77527728660987,0.7891515793389916,1.417007367694383,-0.04523180270894712,0.7436773573633335,-0.14923350076538722,2.1432781439211275,-0.1160430649541492,1.0716390719605637,-0.2836509169365554,1.8753683759309863,0.4836170291640758,0.5136160776291799
10708,39571,125011583,Auburn - North,1.4308881045502242,0.23022064964309,38.15701612133931,0.8154424355445962,3.4832352688279022,0.5766376015461628,2.2287976706389783,0.4907897475304377,5.246589716684155,0.6216507569376186,1.4308881045502242,-0.2191009003136108,3.33873891061719,1.289515072834271,0.6149667601666896
8903,41555,125011584,Auburn - South,1.2339077859581296,0.1269187366124629,34.13811541150825,0.5386554517375697,1.9403244977438856,0.11227014164184136,2.2941180615423393,0.5189400383804172,2.467815571916259,-0.038896684388985546,0.822605190638753,-0.32839742902350805,0,-0.5491738255785469,0.4984333204490709
8647,43527,125011585,Berala,0.47927150730889045,-0.26883334554458327,46.010064701653484,1.3562922318379174,1.2803483079490425,-0.08636186780161026,2.3844353597457237,0.5578629256756124,0.47927150730889045,-0.5115971002593508,0.9585430146177809,-0.30397206388256454,1.4378145219266714,0.24265017450614315,0.5168695669711588
21334,43794,125011586,Lidcombe,0.9369729527140983,-0.02880208127827283,28.265350740208632,0.13419041581340116,1.1148165736879876,-0.1361816969277999,0.6149730590142415,-0.2046995410334203,2.810918858142295,0.04266302000587736,0.7808107939284152,-0.3359070637271866,0.15616215878568304,-0.4631732021700108,0.480982406674606
5162,44166,125011587,Regents Park,0.9840098400984009,-0.004134639959596695,32.472324723247226,0.4239302535932786,2.6020407433830246,0.3114258529918781,3.576772439776094,1.0717091401559857,0.9840098400984009,-0.39161483581683504,0,-0.4762034741701979,0,-0.5491738255785469,0.49465260184264004
9336,58967,125011709,Silverwater - Newington,0.5083884087442806,-0.2535636392038772,20.335536349771225,-0.4119463429051265,2.679167706750065,0.3346386354418465,1.1455349453453822,0.02394990835875893,1.779359430604982,-0.20255084227188033,1.0167768174885612,-0.2935085897954409,0.2541942043721403,-0.4091856222082109,0.4466888082719248
20653,59389,125011710,Wentworth Point - Sydney Olympic Park,0.1364647443333015,-0.4486106688240081,9.688996847664406,-1.1451875373347304,0.8702080486464827,-0.20980114503409678,0.4287299539217766,-0.28496234265860826,1.7740416763329194,-0.20381493528376776,7.369096193998281,0.8478788160164822,0.1364647443333015,-0.4740208360373548,0.4202491428521485
24809,56447,125021477,Ermington - Rydalmere,0.6081800212863007,-0.20123016470407756,29.800821043028733,0.2399402774119235,0.46128101631950336,-0.3328752792268844,0.34815670175041746,-0.31968596344508154,2.2299934113831026,-0.09542982146553734,3.1422634433125536,0.08839973724937322,0.4054533475242005,-0.3258851561511881,0.4887455528697877
18557,53252,125021478,Oatlands - Dundas Valley,0.8228691802577226,-0.08864124725689886,25.01522307983477,-0.08965015578919644,0.5720220092323448,-0.29954573447940114,0.4258973544573074,-0.2861830717094229,0.32914767210308904,-0.5472833093793121,0.32914767210308904,-0.4170620826054057,0.16457383605154452,-0.458540777167688,0.4321901072776924
11656,50441,125021711,Carlingford - East,0.8045483801759279,-0.09824918022313693,32.45011800042909,0.4224008473519067,0.9709431950189933,-0.17948304438902354,1.2358654073362947,0.06287846868258225,1.3409139669598797,-0.3067745085663642,1.072731173567904,-0.2834546876623954,0.268182793391976,-0.4014819161012615,0.46494405040007425
19297,50750,125021712,Carlingford - West,0.49861219605431545,-0.2586905548281685,35.06905778915352,0.6027706791121238,0.6933423465197076,-0.26303214087652105,0.42566052985987,-0.2862851329678768,1.9944487842172618,-0.1514215619549829,0.332408130702877,-0.4164762420387726,0,-0.5491738255785469,0.4515495392268967
20925,44312,125031479,Chester Hill - Sefton,0.5503880235566074,-0.23153788258172833,35.224833507622876,0.6134991579620823,0.6075968145356095,-0.2888388405456312,0.3142509106766927,-0.3342979072351314,0.963179041224063,-0.3965665627944093,0.4127910176674556,-0.40203301124602486,1.5135670647806705,0.2843681294888649,0.4793477284098996
15794,44436,125031480,Fairfield - East,0.7003414164405147,-0.1528981866920166,40.2696314453296,0.96094103471162,0.6418539953765006,-0.27852851000111695,0.5454372402184694,-0.2346665007610257,3.1515363739823163,0.12363182741427627,0.17508535411012868,-0.4447440644209949,0,-0.5491738255785469,0.48296146428389947
23433,43861,125031481,Granville - Clyde,0.35659522875583927,-0.3331681702041514,42.61312983632279,1.1223408547203337,0.8636017254254205,-0.2117894398797645,0.5555460858549548,-0.23031002124690864,2.317868986912955,-0.07454075904186372,2.317868986912955,-0.059727803918538686,0.7131904575116785,-0.1564101469001587,0.49463437438331076
22556,41317,125031483,Guildford - South Granville,1.3242694446896797,0.17430688319638468,35.608133957211386,0.6398975646393005,0.651684289592811,-0.27556990160917927,0.33167889413347845,-0.32678719279432256,1.3242694446896797,-0.3107311081404554,0.1471410494099644,-0.4497651087921082,0.735705247049822,-0.14401094627915753,0.5103918987152483
23124,48741,125031484,Guildford West - Merrylands West,0.5489076737292787,-0.23231421886857476,47.93793683902368,1.4890673244802863,0.583944333754552,-0.2959574909734966,0.3566116820829897,-0.3160422290429882,1.8296922457642626,-0.1905861375005954,0.9148461228821313,-0.31182353968912285,0.3659384491528525,-0.34764654777311566,0.49034928855714854
16648,56051,125031713,Greystanes - South,0.8848931049129265,-0.05611419015624505,43.89069800368115,1.2103286566548224,0.4794411224360042,-0.3274096602766793,0.26960834534887856,-0.353536940879716,1.2388503468780971,-0.33103623679083755,1.0618717258955117,-0.28540591776791824,0.7079144839303412,-0.15931569726274486,0.4979086389611576
24007,47368,125031714,Merrylands - Holroyd,1.6153457849570925,0.32695534575595453,40.181726400807676,0.954886898545696,0.9310762402359215,-0.1914817398895603,0.3909986570010713,-0.301222915624808,3.4326097930338215,0.19044629959042358,1.2115093387178193,-0.25851896883038145,1.6153457849570925,0.3404190540723801,0.5586561518489193
10907,64512,125031715,Pemulwuy - Greystanes (North),0.2703360276824092,-0.3784048748204697,12.57062528723203,-0.9467259922934748,0.5638713330681956,-0.30199883083324247,0.47579140872104025,-0.26468087125127365,1.4868481522532508,-0.27208422872511767,0.6758400692060231,-0.35476824750521624,0,-0.5491738255785469,0.38667279887774886
7334,52904,125031716,South Wentworthville,0.5662193533774984,-0.22323549649561664,67.94632240529981,2.86707118463796,1.683062708430524,0.034842460227735024,2.2446753354905784,0.4976323410515374,2.2648774135099936,-0.08713748205697618,0,-0.4762034741701979,0.5662193533774984,-0.237349131586756,0.5645136866846034
23070,60308,125041489,North Parramatta,0.5665080444142306,-0.22308409895203266,28.042148198504417,0.11881816286242727,0.5875034660862796,-0.29488630444001585,0.43703048067339334,-0.2813851711347614,3.2574212553818263,0.14880191459653602,1.1330160888284613,-0.2726226688421065,1.8411511443462496,0.4647731346477342,0.4938851373391048
8466,60195,125041490,North Rocks,0.5580149548007887,-0.22753810943835906,25.854692905769877,-0.03183476349816481,0.9095920595618812,-0.19794780039979984,0.756117824933318,-0.1438721920597655,1.3020348945351736,-0.3160165233805752,0.1860049849335962,-0.44278202058168314,0,-0.5491738255785469,0.42979224022100365
20423,62838,125041491,Northmead,0.8427297702718647,-0.07822580597300917,17.360233267600414,-0.616859383929329,0.517447550272202,-0.3159709246834782,0.5280261718495393,-0.24216992552343083,3.202373127033086,0.13571632417565058,1.5169135864893564,-0.20364380569281482,0,-0.5491738255785469,0.44295361461141514
23004,57948,125041493,Toongabbie - Constitution Hill,0.9358914365933552,-0.029369258167033903,25.93756267130156,-0.02612741362654426,0.3987017944103148,-0.35170965051093606,0.38267986162774553,-0.30480796014217837,1.2032889899057424,-0.33948959144811325,1.0695902132495487,-0.2840190567277769,1.2032889899057424,0.11349377633737234,0.48144565451080773
11199,63148,125041494,Winston Hills,0.45999218013293774,-0.2789439565612273,35.18940178016974,0.6110589282373627,0.6345994448659601,-0.2807119008079362,0.5837464214884995,-0.21815688439067343,0.6899882701994066,-0.46150723641272245,0,-0.4762034741701979,1.1499804503323443,0.08413603902149215,0.45437050386670896
13989,58105,125041588,Pendle Hill - Girraween,1.568979042922784,0.3026393471456553,28.91404236243416,0.17886666200616627,1.0142292762375766,-0.16645529971227635,0.6486552212632248,-0.1901839716889586,2.465538496021517,-0.039437972229456615,1.120699316373417,-0.2748357516748785,0,-0.5491738255785469,0.48684872677502666
21754,59547,125041589,Wentworthville - Westmead,1.0163892770931267,0.012846030029755586,44.21293355355101,1.2325214432807021,0.9484555633442341,-0.18625111198941705,0.557842632872188,-0.229320307842079,5.081946385465633,0.5825130920890178,1.5245839156396899,-0.2022655977388827,0.7622919578198449,-0.1293692832899671,0.53611927685948
12203,63263,125041717,Parramatta - North,8.056214474332005,3.7047245662906545,26.85404824777335,0.03699215481507917,6.964931795804528,1.6245184010650573,2.542996993160355,0.6261961985868747,15.664861477867788,3.0981970310753035,12.084321711498008,1.6951125116551102,0.895134941592445,-0.0562108465167361,0.814694618290897
9960,51837,125041718,Parramatta - South,0.7204091924212953,-0.14237409137172455,42.50414235285643,1.1148347432238292,2.6111216713261807,0.3141589257797327,1.89382016935146,0.3464287913415205,6.483682731791658,0.9157223810567968,1.4408183848425906,-0.21731662339205005,0,-0.5491738255785469,0.5407063960373479
9120,50684,125041719,Rosehill - Harris Park,0.20517450091302653,-0.4125773770246761,12.105295553868565,-0.9787738637570161,1.318336157182385,-0.07492872378167327,0.9498819486714192,-0.06036815351858894,1.6413960073042122,-0.2353463778246968,0.41034900182605305,-0.4024717936750817,1.8465705082172388,0.46775765199180086,0.42672856270401005
21813,63676,126011496,Pennant Hills - Cheltenham,0.45134500812421013,-0.2834787721062068,16.248420292471565,-0.6934314075154422,0.274852894661437,-0.38898426163308475,0.23956741407866783,-0.366483295623854,1.8053800324968405,-0.1963654378071785,0.752241680207017,-0.34104037404489435,0.977914184269122,-0.01062319243434774,0.44428343937025955
14455,60031,126011720,Epping (East) - North Epping,0.45535267064341334,-0.28137704332449975,28.004189244569922,0.11620387972219001,0.7576085595969623,-0.2436900384791235,1.0995732103605151,0.0041423690911530356,1.1383816766085333,-0.35491882660296853,2.04908701789536,-0.1080226606728249,0.22767633532170667,-0.4237893731267227,0.4448721483016699
18757,54472,126011721,Epping (NSW) - West,0.891146459920688,-0.052834758283159755,31.19012609722408,0.33562354587335125,0.9323852042407368,-0.19108778302477336,0.5310190172875171,-0.24088013732126354,0.891146459920688,-0.4136895583288554,2.22786614980172,-0.07589955138230517,0.222786614980172,-0.42648220858017283,0.4619615177847549
15486,72373,126021498,Gladesville - Huntleys Point,0.848140452058861,-0.07538829518314123,28.412705143971845,0.14433890763071133,1.102210163869597,-0.1399758285234761,0.4923892319645056,-0.25752792030719013,2.3323862431618676,-0.07108983573154094,1.696280904117722,-0.17141501094544317,0.6361053390441458,-0.19886196938569967,0.4732663966020244
9867,77815,126021499,Hunters Hill - Woolwich,0.9635767970707265,-0.01485029139565132,36.134129890152245,0.6761235971504603,1.4624062568292415,-0.03156816951308803,0.5663656722594396,-0.22564724290234334,1.6862593948737714,-0.22468182060470315,1.4453651956060898,-0.2164996505299394,0,-0.5491738255785469,0.4776516549363615
24037,56045,126021500,Macquarie Park - Marsfield,0.28111471354410694,-0.372752234610382,23.801045746734385,-0.1732721474979296,0.4311587319268659,-0.34194113640545415,0.4288553982366239,-0.2849082815316066,2.0615078993234506,-0.13548081808977067,4.685245225735115,0.3656433500889409,0.5622294270882139,-0.2395464382255781,0.4605546276762547
15666,65244,126021501,North Ryde - East Ryde,0.48207485015506746,-0.2673631952221519,32.45970657710787,0.42306122525361245,0.6780107152485203,-0.2676464781428225,0.6803201385197113,-0.17653774853898713,1.4462245504652023,-0.2817409387780348,1.4462245504652023,-0.21634524128897123,0.1606916167183558,-0.4606787681218289,0.4545135096623531
20205,59893,126021503,West Ryde - Meadowbank,1.2520084301900967,0.13641121377776297,33.38689147173591,0.4869176698250727,0.8788741846834712,-0.2071929115224114,0.419960899015546,-0.28874142975034106,1.8780126452851449,-0.1790998077002783,3.5473572188719404,0.1611871564880977,0.6260042150950483,-0.20442479563953933,0.5071068189290595
4161,67729,126021590,Putney,0.6581545346847439,-0.1750221512653122,32.907726734237194,0.4539169634093798,4.112477265513901,0.7660195885945178,2.6247439070179217,0.6614256172929456,1.3163090693694879,-0.3126233833941505,5.2652362774779515,0.469856385156239,0,-0.5491738255785469,0.5252312030949473
6989,58124,126021722,Denistone,0.3956948401392846,-0.31266325538051337,17.41057296612852,-0.6133924226064813,1.1323360713672472,-0.1309088809046143,2.0315194302644386,0.4057712752262598,1.5827793605571383,-0.24928024722564418,2.769863880974992,0.02148682793411306,0,-0.5491738255785469,0.43263200494525716
19056,47390,126021723,Eastwood,1.1335726431135462,0.07430021982800146,42.50897411675798,1.1151675131659948,1.4911255031160557,-0.022924582535466025,0.8288488143195822,-0.11252825065471235,2.6450028339316076,0.0032228209980494915,1.3225014169658038,-0.23857586572923542,0.5667863215567731,-0.2370368945041645,0.5334386987018871
20385,57564,126021724,Ryde - North,1.4010998633927632,0.2145988742323415,39.75620862376966,0.9255809289370129,0.8325151874096073,-0.2211455069746103,0.5412637441362771,-0.23646509882435907,1.9265123121650494,-0.1675708639309424,2.8021997267855263,0.027296946251038588,0.3502749658481908,-0.3562726409279805,0.5316314295015495
12045,62851,126021725,Ryde - South,1.2833675564681726,0.15285680468069218,28.87577002053388,0.1762307954240694,2.4026515897349343,0.2514160089054411,1.8888925347513053,0.3443051918762019,6.416837782340862,0.8998325468979226,2.566735112936345,-0.01501143417385925,0,-0.5491738255785469,0.5202672217581219
18088,44813,127011504,Ashcroft - Busby - Miller,0.7321984257733846,-0.13619149218039514,39.721764598206114,0.9232087235419942,0.3461021970567469,-0.3675404696826147,0.5006484962553057,-0.2539685311367112,0.18304960644334614,-0.5820125455196499,0,-0.4762034741701979,2.196595277320154,0.660521049894055,0.49461738629922525
12554,54758,127011505,Austral - Greendale,0.04516099896129702,-0.49649287163088207,1.8606331572054373,-1.6843372527596894,0.03475029870687663,-0.46124756725607824,0.051217464089931414,-0.44765405716455414,0.13548299688389107,-0.5933196905412199,0.06322539854581583,-0.46484310808179063,0.009032199792259405,-0.5441996703867581,0.3606508081459919
6928,56905,127011593,Cecil Hills,0.5336464058914564,-0.24031764872485634,16.00939217674369,-0.7098935885878818,1.0899388919405466,-0.14366909418879045,1.2705866806939439,0.07784185041043377,1.0672928117829128,-0.37181748958203503,0,-0.4762034741701979,1.0672928117829128,0.03859883257706659,0.4246864332477118
12953,50447,127011594,Green Valley,0.9332711152589827,-0.03074342695978612,35.77539275159434,0.6514168980478641,0.8213765702117194,-0.22449787930356602,1.0596322625705168,-0.013070468761818992,1.555451858764971,-0.25577631723574284,0,-0.4762034741701979,0.31109037175299425,-0.3778521294955163,0.4645862457684716
13063,54327,127011595,Hinchinbrook,0.9569377990430623,-0.018331965106843078,19.52153110047847,-0.46800795627210606,0.5420913812231999,-0.3085539091337156,0.5867784153559912,-0.21685022489208716,0.9569377990430623,-0.398050179791898,0.3827751196172249,-0.40742628037782536,0.7655502392344498,-0.12757490342819133,0.4382227649714901
13299,58130,127011596,Hoxton Park - Carnes Hill - Horningsea Park,0.7270083605961468,-0.1389133055341066,19.629225736095965,-0.4605908849093213,0.6450634374790987,-0.2775625691931165,0.5596677140847935,-0.22853377600647365,1.6963528413910094,-0.2222824891283822,0,-0.4762034741701979,1.211680600993578,0.11811515062271565,0.4345097423962976
17244,58344,127011597,West Hoxton - Middleton Grange,0.4318395284312349,-0.29370798374149176,9.716389389702785,-1.1433009768951896,0.29801034495080586,-0.3820145997639285,0.16709182097511238,-0.39771717216951447,0.21591976421561745,-0.5741989207047806,0,-0.4762034741701979,0.4318395284312349,-0.31135392768315917,0.3829434696675308
4774,60739,127011726,Cobbitty - Bringelly,0.013538064977296666,-0.5130768105722803,0.7716697037059099,-1.7593355997038933,0.03176085625172238,-0.46214729511166563,0.17369592801059872,-0.3948710848867794,0.06769032488648333,-0.6094348095453669,0,-0.4762034741701979,0.013538064977296666,-0.541718229185373,0.3278317363501746
14401,68544,127011727,Gledswood Hills - Gregory Hills,0.11463420226058647,-0.4600592073111296,13.412201664488617,-0.8887655190391138,0.32955044605154366,-0.3725220244914226,0.3330315068786492,-0.326204274632668,0.4585368090423459,-0.5165259829871657,0.22926840452117295,-0.43500843123222116,0.22926840452117295,-0.42291259897907835,0.36937523679789824
12593,60909,127011728,Leppington - Catherine Field,0.1100255259220139,-0.46247612431946994,5.171199718334653,-1.456334174478645,0.07710436482663167,-0.44850032971697407,0.10299260249453027,-0.4253411900072878,0.3025701962855382,-0.5536010893547946,0.3300765777660417,-0.41689517644687685,0.05501276296100695,-0.5188775492792058,0.3650602718560142
17759,64911,127011729,Oran Park,0.22645440340587422,-0.40141760912335345,6.038784090823313,-1.396582496346407,0.15301834792896504,-0.4256526160545159,0.0839386192131914,-0.43355264073197625,1.1322720170293712,-0.3563711648615459,0.5283936079470398,-0.38126148941223886,0.15096960227058281,-0.4660328136204105,0.3689616304487421
17195,49750,127021509,Bonnyrigg Heights - Bonnyrigg,1.1563590109275927,0.0862500197015863,37.19621485150423,0.7492707869479848,0.5110979053823613,-0.3178819674502081,0.6434225522632945,-0.19243902791615783,2.505444523676451,-0.029951838025060195,0,-0.4762034741701979,1.1563590109275927,0.08764879903906678,0.5089562465267936
19741,52375,127021510,Bossley Park - Abbotsbury,0.42040211462263655,-0.2997060790588101,18.70789410070733,-0.5240442078096365,0.23798154252104572,-0.40008137525595605,0.2822364950472152,-0.3480947492150766,1.471407401179228,-0.27575467766509754,1.5765079298348872,-0.19293586912341734,1.0510052865565915,0.029629071053929222,0.4372607914210028
24205,42882,127021511,Cabramatta - Lansvale,0.6582065188773629,-0.17499488932065055,26.723184666420938,0.0279794076516286,0.9147724558989667,-0.19638866455511328,0.4197903140467143,-0.28881494456586554,2.6328260755094517,0.00032826167067417597,0.3949239113264178,-0.40524338039581526,0.5265652151018904,-0.2591872045165165,0.46670970938216777
18295,47795,127021512,Cabramatta West - Mount Pritchard,0.7486570963334518,-0.1275601113046408,41.73763312058994,1.0620442430902246,0.6138210683247759,-0.28696553654384216,0.4915425379967108,-0.257892809143964,1.6844784667502666,-0.22510516825869753,0,-0.4762034741701979,0.3743285481667259,-0.3430260062074556,0.47923079663447626
22365,45077,127021513,Canley Vale - Canley Heights,0.5539041007366925,-0.22969395471288237,23.07933753069552,-0.22297714265182705,0.7083235985275834,-0.25852325671324816,0.6683609058662956,-0.18169166560654257,0.9231735012278207,-0.4060763522579262,0.3692694004911283,-0.40985299364636213,1.6617123022100773,0.36595372534003245,0.4497971403164175
10291,51348,127021514,Edensor Park,0.6460991762235503,-0.1813443138052668,24.874818284606686,-0.09932001891573729,1.1771800169265931,-0.11741226821530722,1.1569623131738864,0.02887461446619804,0.6460991762235503,-0.471940192535652,0,-0.4762034741701979,0.9691487643353255,-0.015450428331993534,0.43989006143024556
18285,44025,127021515,Fairfield,1.1819213313161876,0.09965560568356382,27.656959152798787,0.09228968608379844,1.1505714901519353,-0.12542059521756338,0.6110991607275235,-0.20636902527848075,4.254916792738275,0.38591838776371523,1.1819213313161876,-0.2638353543912485,0.94553706505295,-0.02845371205840514,0.5014980931113712
21305,45526,127021516,Fairfield - West,0.8526057764041353,-0.07304655591463964,29.6280507300437,0.22804135845989654,0.5032395042610656,-0.3202470982380641,0.47061290307633136,-0.2669125853921533,1.9183629969093043,-0.169508052439365,0.21315144410103382,-0.43790433343001395,0.42630288820206763,-0.3144030307117017,0.45244214855112835
8870,48547,127021517,Greenfield Park - Prairiewood,0.2749745648527511,-0.37597229796819925,28.047405614980615,0.11918024805788993,0.877314564299082,-0.20766230804869593,1.6153047189723293,0.22640056086162355,2.749745648527511,0.028121425409258317,0.8249236945582534,-0.3279808392683032,0.8249236945582534,-0.09487713457387066,0.46295496833137256
4348,57296,127021518,Horsley Park - Kemps Creek,0.01776915381512617,-0.510857910865577,3.6604456859159913,-1.5603817939892655,0.1197415378986193,-0.43566788591788824,0.13977702116126783,-0.4094886810143754,0.10661492289075702,-0.6001819727630752,0.08884576907563085,-0.4602396291756288,0.01776915381512617,-0.5393881110531716,0.3353788368724687
19548,50064,127021519,Smithfield - Wetherill Park,1.0586331533656972,0.034999884099929615,31.758994600970915,0.3748022687887331,0.4757953969130227,-0.32850690862852394,0.3580192723385387,-0.31543561792901115,2.7221995372260785,0.02157338933625859,0.15123330762367104,-0.449029810122503,0.3024666152473421,-0.3826013494177853,0.4854934126920324
11202,48170,127021520,St Johns Park - Wakeley,0.5538478579934092,-0.2297234499589901,29.077012544653982,0.19009063304798943,0.6946583114450455,-0.262636076955551,1.2855269431181644,0.08428046363366218,0.2769239289967046,-0.5596975100621465,0.2769239289967046,-0.42644566663715444,0.5538478579934092,-0.24416228224886788,0.43752898971403376
16619,53655,127031522,Casula,0.2828054298642534,-0.37186557633146583,27.007918552036198,0.047589405279665487,0.44584525317067447,-0.3375209569027687,0.3011772416019738,-0.33993209866968976,1.5554298642533937,-0.25578154559097743,0.1414027149321267,-0.45079617513420056,2.4038461538461537,0.7746569245630444,0.4607384788175877
20893,58585,127031523,Chipping Norton - Moorebank,0.27604863977032756,-0.3754090234516541,16.976991345875142,-0.6432537597155389,0.4019901337774477,-0.350719964115691,0.21839291121070217,-0.3756085994699198,0.8281459193109826,-0.428665531090186,0,-0.4762034741701979,0.27604863977032756,-0.39715008758765596,0.403843684126732
21296,66259,127031524,Holsworthy - Wattle Grove,0.08141101572453768,-0.47748236283589146,3.1207556027739445,-1.5975509606566674,0.03230292462773964,-0.4619841496339212,0.042632966726371645,-0.451353607859874,0.14925352882831908,-0.5900462724195186,0.06784251310378141,-0.46401350300444827,0.08141101572453768,-0.504339672675723,0.37288798698897113
12737,45823,127031599,Lurnea - Cartwright,0.8654262224145391,-0.06632316035793379,41.251983268426365,1.0285968982882339,0.464296604629506,-0.33196768229394624,0.7852584712166899,-0.13131382158634133,0,-0.6255255994321671,0.28847540747151307,-0.42437009214724297,1.7308524448290783,0.40403014163720724,0.4865098811861639
5962,50800,127031601,Warwick Farm,0.4300982774563988,-0.294621143787392,11.612653491322767,-1.0127027712950818,0.7755042741791824,-0.23830399303860866,1.8919279066997017,0.34561330718297717,1.7203931098255951,-0.2165678333211911,0,-0.4762034741701979,0,-0.5491738255785469,0.40519196178718964
12125,64341,127031730,Edmondson Park,0.16511731585291348,-0.43358446990028693,7.760513845086934,-1.2780047010682865,0.4262409885522632,-0.3434212219957059,0.36929817163922,-0.3105748953982543,1.8162904743820483,-0.19377189688029667,0,-0.4762034741701979,0.8255865792645675,-0.09451207495613555,0.3782514706090512
17657,52710,127031731,Liverpool - East,1.769833193221539,0.4079728043879932,39.82124684748462,0.930060197043885,2.5659925098528285,0.3005764720994924,1.0828641661903688,-0.0030585133088108524,12.831290650856157,2.4246237710374383,1.769833193221539,-0.15819910483685243,3.539666386443078,1.400168564789674,0.6662670983037111
13763,46838,127031732,Liverpool - West,0.7392257841953527,-0.13250615156499862,40.16460094128083,0.9537074455979908,0.6803405216746204,-0.2669452799190284,1.0112527827569804,-0.033919952500160944,5.420989084099253,0.6631075468433143,0,-0.4762034741701979,1.4784515683907054,0.2650295483350158,0.5288077377010971
15732,57112,127031733,Prestons,0.32498835458396075,-0.34974368693704194,17.441041696005893,-0.611294001059873,0.5109360096222114,-0.3179306929658497,0.3037477110738668,-0.33882433641882026,1.299953418335843,-0.31651131486272527,0,-0.4762034741701979,0.5416472576399346,-0.250881318694805,0.40788842275260295
18183,65903,128011529,Gymea - Grays Point,0.8623960812722068,-0.06791224996339808,30.52882127703612,0.2900786121283799,0.4723898679794962,-0.32953186538566764,0.3579892408767982,-0.31544856020279355,1.8972713787988549,-0.1745217792305573,1.2073545137810895,-0.25926550951498134,0.3449584325088827,-0.3592005281005718,0.4657653529549973
20769,61759,128011530,Miranda - Yowie Bay,1.8343116328708644,0.4417870768625859,29.18223052294557,0.19733713375957979,0.8430515823471203,-0.21797438454460474,0.45162975809320527,-0.2750935078442697,3.001600853788687,0.08799038299737218,2.167822838847385,-0.08668815863967237,1.0005336179295623,0.0018336371271313642,0.5480819976526113
16460,56098,128011531,Sylvania - Taren Point,0.8251505899826719,-0.08744481306145029,26.734879115438567,0.028784819754235774,0.9885765270023262,-0.17417596783203185,0.4430338738161996,-0.27879796581159066,1.815331297961878,-0.19399990444662488,1.815331297961878,-0.1500239863232949,0.9901807079792062,-0.0038678510998915883,0.47914555173099954
12882,65034,128011602,Caringbah,0.5005130258514978,-0.25769370724563834,37.288220425936586,0.7556073320082471,1.9543397919834142,0.11648830299491107,0.7575878292404103,-0.1432386831627261,2.752821642183238,0.028852625439549744,2.752821642183238,0.018424671331018095,1.5015390775544935,0.2777441534382984,0.518351482628309
13028,66494,128011603,Caringbah South,0.49141256541929784,-0.2624662397444436,31.20469790412541,0.33662712540219386,0.6940429232203777,-0.2628212893943386,0.4170403666924734,-0.29000005409710733,0.24570628270964892,-0.5671183133749959,2.2113565443868404,-0.07886600419718579,0.24570628270964892,-0.4138600360360761,0.43550964294384414
24533,65686,128011604,Cronulla - Kurnell - Bundeena,0.2790345404899049,-0.3738431347443128,9.726346839933829,-1.1426151941862221,0.20586659531517867,-0.4097469610684604,0.05900497790017021,-0.4442979722464344,0.1993103860642178,-0.5781471661066572,2.272138401132083,-0.06794469472281818,0.31889661770274846,-0.37355312374803185,0.41707992301163305
3371,68606,128011605,Lilli Pilli - Port Hacking - Dolans Bay,0.7870297497245397,-0.10743643330628648,28.333070990083428,0.13885439859348106,2.918383824252965,0.4066351390212141,2.4291041658164803,0.5771132679565314,0,-0.6255255994321671,2.361089249173619,-0.05196196909564998,0.7870297497245397,-0.11574584505052705,0.48382786871069705
8968,68094,128011606,Woolooware - Burraneer,0.9013881377321075,-0.04746373990871075,38.759689922480625,0.8569493738049426,1.2865486354784763,-0.08449576484907523,0.8231855139106004,-0.11496889057555283,0.9013881377321075,-0.4112549905227736,2.4037017006189534,-0.04430534597460019,0.6009254251547383,-0.2182360261320581,0.4888027114404236
6680,60601,128021533,Heathcote - Waterfall,0.07242125998508123,-0.4821968387398876,3.7659055192242237,-1.5531186364042142,0.07318016540408658,-0.4496813899261299,0.17232899461054427,-0.3954601746373447,0.07242125998508123,-0.6083102103834145,0.43452755991048736,-0.3981273802329118,0.03621062999254061,-0.529232139464639,0.34544885432130606
10569,63105,128021534,Illawong - Alfords Point,0.5481103894324317,-0.23273233674797633,16.169256488256735,-0.6988835229513156,0.44470116277633664,-0.3378652920129231,0.3696312838176322,-0.3104313383163341,0.13702759735810793,-0.5929525207613237,0.8221655841486476,-0.32847641770174973,0,-0.5491738255785469,0.398826259409099
21009,64802,128021535,Menai - Lucas Heights - Woronora,0.20955197787131113,-0.4102817073492976,7.663615190722235,-1.284678238986493,0.07509291415120116,-0.44910571290463325,0.08642655168172857,-0.4324804483945476,0.3891679589038635,-0.5330157781556646,0.44903995258138096,-0.3955197874402685,0.14967998419379366,-0.4667430238238631,0.39827367258421426
22151,67381,128021536,Oyster Bay - Como - Jannali,0.7860487574814997,-0.10795089270049674,28.52234062861442,0.15188964782148237,0.29808178244072947,-0.38199309933346975,0.2349975588092056,-0.3684527075210975,0.449170718560857,-0.5187524133411511,3.9302437874074987,0.22998437546878936,1.3475121556825709,0.19291943402043604,0.4992319574736011
23369,64940,128021538,Sutherland - Kirrawee,0.7736943907156674,-0.11442986344394085,25.145067698259187,-0.0807075859443247,0.5015820111832923,-0.32074595135696077,0.43169241965886657,-0.2836856468063811,2.0631850419084463,-0.13508214148435288,5.673758865248227,0.5432598948089428,3.352675693101225,1.2971902483777975,0.5516220866027002
17379,63695,128021607,Engadine,0.7817909714311243,-0.11018379316193679,24.682257812325496,-0.11258191219734756,0.3058966917389749,-0.3796410582120902,0.24004077166701185,-0.3662792987768718,0.22336884898032122,-0.5724281852562683,1.451897518372088,-0.21532592003972192,0.6701065469409636,-0.18013704205050163,0.45889675853261186
7354,63087,128021608,Loftus - Yarrawarrah,0.5203455094182537,-0.24729300575811122,37.464876678114265,0.7677738807093144,0.48822192208130955,-0.32476691663677687,1.1295488627024324,0.017060591413050115,0.2601727547091269,-0.5636794620807045,2.081382037673015,-0.10221987799458435,0.7805182641273806,-0.11933180867337834,0.4691474767609621
3551,65460,128021609,Woronora Heights,0.3187352584942946,-0.35302298302633545,13.386880856760374,-0.8905093964087423,0.44879647774471215,-0.33663273142354005,2.9726604419157012,0.8113627427975882,0,-0.6255255994321671,0.6374705169885893,-0.3616625047161446,0,-0.5491738255785469,0.4035629548031548
